timestamp,heart_rate
2026-09-14 00:00:00,53
2026-09-14 00:12:00,53
2026-09-14 00:20:00,52
2026-09-14 00:28:00,53
2026-09-14 00:40:00,54
2026-09-14 00:52:00,54
2026-09-14 01:00:00,54
2026-09-14 01:08:00,56
2026-09-14 01:16:00,55
2026-09-14 01:28:00,57
2026-09-14 01:40:00,55
2026-09-14 01:50:00,57
2026-09-14 01:58:00,53
2026-09-14 02:06:00,52
2026-09-14 02:14:00,55
2026-09-14 02:22:00,52
2026-09-14 02:30:00,56
2026-09-14 02:40:00,54
2026-09-14 02:52:00,52
2026-09-14 03:02:00,47
2026-09-14 03:14:00,52
2026-09-14 03:22:00,49
2026-09-14 03:34:00,50
2026-09-14 03:44:00,45
2026-09-14 03:54:00,48
2026-09-14 04:06:00,48
2026-09-14 04:18:00,47
2026-09-14 04:26:00,40
2026-09-14 04:34:00,44
2026-09-14 04:42:00,48
2026-09-14 04:52:00,45
2026-09-14 05:00:00,47
2026-09-14 05:10:00,49
2026-09-14 05:22:00,46
2026-09-14 05:34:00,49
2026-09-14 05:46:00,51
2026-09-14 05:54:00,44
2026-09-14 06:04:00,60
2026-09-14 06:12:00,53
2026-09-14 06:20:00,56
2026-09-14 06:25:00,59
2026-09-14 06:30:00,54
2026-09-14 06:37:00,63
2026-09-14 06:44:00,61
2026-09-14 06:52:00,59
2026-09-14 07:00:00,64
2026-09-14 07:07:00,60
2026-09-14 07:15:00,63
2026-09-14 07:20:00,61
2026-09-14 07:28:00,63
2026-09-14 07:36:00,66
2026-09-14 07:43:00,64
2026-09-14 07:48:00,65
2026-09-14 07:53:00,66
2026-09-14 07:58:00,68
2026-09-14 08:03:00,68
2026-09-14 08:11:00,66
2026-09-14 08:18:00,68
2026-09-14 08:26:00,64
2026-09-14 08:33:00,69
2026-09-14 08:38:00,70
2026-09-14 08:46:00,68
2026-09-14 08:54:00,73
2026-09-14 09:01:00,68
2026-09-14 09:06:00,99
2026-09-14 09:11:00,65
2026-09-14 09:14:00,70
2026-09-14 09:17:00,74
2026-09-14 09:23:00,68
2026-09-14 09:28:00,71
2026-09-14 09:34:00,77
2026-09-14 09:40:00,73
2026-09-14 09:45:00,73
2026-09-14 09:48:00,72
2026-09-14 09:53:00,74
2026-09-14 09:59:00,75
2026-09-14 10:05:00,72
2026-09-14 10:11:00,74
2026-09-14 10:17:00,70
2026-09-14 10:23:00,80
2026-09-14 10:29:00,73
2026-09-14 10:35:00,73
2026-09-14 10:38:00,76
2026-09-14 10:41:00,73
2026-09-14 10:44:00,74
2026-09-14 10:47:00,73
2026-09-14 10:53:00,75
2026-09-14 10:59:00,70
2026-09-14 11:04:00,72
2026-09-14 11:09:00,72
2026-09-14 11:14:00,70
2026-09-14 11:19:00,67
2026-09-14 11:25:00,70
2026-09-14 11:30:00,69
2026-09-14 11:33:00,70
2026-09-14 11:38:00,71
2026-09-14 11:41:00,67
2026-09-14 11:47:00,66
2026-09-14 11:50:00,67
2026-09-14 11:53:00,68
2026-09-14 11:58:00,70
2026-09-14 12:01:00,68
2026-09-14 12:06:00,70
2026-09-14 12:12:00,67
2026-09-14 12:18:00,70
2026-09-14 12:21:00,67
2026-09-14 12:27:00,65
2026-09-14 12:32:00,66
2026-09-14 12:38:00,68
2026-09-14 12:44:00,70
2026-09-14 12:50:00,68
2026-09-14 12:55:00,66
2026-09-14 13:01:00,65
2026-09-14 13:04:00,66
2026-09-14 13:09:00,68
2026-09-14 13:15:00,69
2026-09-14 13:21:00,69
2026-09-14 13:26:00,68
2026-09-14 13:32:00,69
2026-09-14 13:35:00,71
2026-09-14 13:40:00,72
2026-09-14 13:43:00,73
2026-09-14 13:49:00,69
2026-09-14 13:55:00,68
2026-09-14 14:01:00,73
2026-09-14 14:04:00,69
2026-09-14 14:07:00,69
2026-09-14 14:13:00,74
2026-09-14 14:18:00,72
2026-09-14 14:23:00,71
2026-09-14 14:28:00,102
2026-09-14 14:31:00,71
2026-09-14 14:37:00,73
2026-09-14 14:43:00,73
2026-09-14 14:49:00,71
2026-09-14 14:55:00,75
2026-09-14 15:00:00,78
2026-09-14 15:05:00,71
2026-09-14 15:08:00,72
2026-09-14 15:11:00,71
2026-09-14 15:17:00,73
2026-09-14 15:22:00,68
2026-09-14 15:25:00,76
2026-09-14 15:28:00,73
2026-09-14 15:33:00,75
2026-09-14 15:38:00,69
2026-09-14 15:43:00,75
2026-09-14 15:49:00,68
2026-09-14 15:52:00,73
2026-09-14 15:57:00,67
2026-09-14 16:00:00,71
2026-09-14 16:03:00,72
2026-09-14 16:08:00,73
2026-09-14 16:14:00,70
2026-09-14 16:17:00,72
2026-09-14 16:22:00,69
2026-09-14 16:25:00,68
2026-09-14 16:30:00,72
2026-09-14 16:36:00,71
2026-09-14 16:42:00,69
2026-09-14 16:48:00,71
2026-09-14 16:54:00,66
2026-09-14 16:57:00,70
2026-09-14 17:00:00,66
2026-09-14 17:06:00,64
2026-09-14 17:12:00,67
2026-09-14 17:17:00,68
2026-09-14 17:22:00,70
2026-09-14 17:27:00,66
2026-09-14 17:30:00,70
2026-09-14 17:33:00,64
2026-09-14 17:36:00,66
2026-09-14 17:41:00,62
2026-09-14 17:47:00,68
2026-09-14 17:53:00,66
2026-09-14 17:56:00,65
2026-09-14 17:59:00,68
2026-09-14 18:02:00,73
2026-09-14 18:07:00,72
2026-09-14 18:12:00,74
2026-09-14 18:17:00,69
2026-09-14 18:24:00,74
2026-09-14 18:29:00,71
2026-09-14 18:37:00,123
2026-09-14 18:42:00,127
2026-09-14 18:47:00,124
2026-09-14 18:52:00,120
2026-09-14 18:59:00,114
2026-09-14 19:07:00,105
2026-09-14 19:15:00,115
2026-09-14 19:20:00,74
2026-09-14 19:27:00,74
2026-09-14 19:35:00,68
2026-09-14 19:43:00,69
2026-09-14 19:50:00,74
2026-09-14 19:58:00,68
2026-09-14 20:05:00,67
2026-09-14 20:13:00,68
2026-09-14 20:20:00,67
2026-09-14 20:27:00,68
2026-09-14 20:35:00,67
2026-09-14 20:42:00,63
2026-09-14 20:50:00,65
2026-09-14 20:55:00,66
2026-09-14 21:02:00,65
2026-09-14 21:07:00,67
2026-09-14 21:15:00,65
2026-09-14 21:20:00,65
2026-09-14 21:28:00,63
2026-09-14 21:33:00,63
2026-09-14 21:40:00,61
2026-09-14 21:47:00,62
2026-09-14 21:52:00,60
2026-09-14 21:59:00,64
2026-09-14 22:07:00,60
2026-09-14 22:12:00,55
2026-09-14 22:19:00,59
2026-09-14 22:26:00,57
2026-09-14 22:33:00,53
2026-09-14 22:40:00,56
2026-09-14 22:48:00,55
2026-09-14 22:53:00,56
2026-09-14 23:00:00,53
2026-09-14 23:05:00,58
2026-09-14 23:12:00,57
2026-09-14 23:20:00,57
2026-09-14 23:25:00,50
2026-09-14 23:33:00,54
2026-09-14 23:41:00,54
2026-09-14 23:49:00,54
2026-09-14 23:56:00,55
2026-09-15 00:00:00,50
2026-09-15 00:10:00,50
2026-09-15 00:20:00,54
2026-09-15 00:30:00,52
2026-09-15 00:40:00,59
2026-09-15 00:50:00,55
2026-09-15 01:00:00,52
2026-09-15 01:12:00,60
2026-09-15 01:24:00,56
2026-09-15 01:32:00,60
2026-09-15 01:44:00,57
2026-09-15 01:52:00,56
2026-09-15 02:00:00,54
2026-09-15 02:08:00,55
2026-09-15 02:20:00,55
2026-09-15 02:32:00,52
2026-09-15 02:40:00,52
2026-09-15 02:52:00,52
2026-09-15 03:02:00,50
2026-09-15 03:14:00,50
2026-09-15 03:26:00,46
2026-09-15 03:34:00,49
2026-09-15 03:44:00,49
2026-09-15 03:54:00,46
2026-09-15 04:06:00,42
2026-09-15 04:16:00,48
2026-09-15 04:28:00,50
2026-09-15 04:40:00,50
2026-09-15 04:48:00,49
2026-09-15 05:00:00,48
2026-09-15 05:12:00,43
2026-09-15 05:24:00,46
2026-09-15 05:32:00,50
2026-09-15 05:42:00,46
2026-09-15 05:50:00,49
2026-09-15 06:00:00,60
2026-09-15 06:07:00,60
2026-09-15 06:15:00,57
2026-09-15 06:22:00,56
2026-09-15 06:30:00,60
2026-09-15 06:38:00,59
2026-09-15 06:46:00,56
2026-09-15 06:53:00,62
2026-09-15 07:01:00,61
2026-09-15 07:08:00,64
2026-09-15 07:13:00,64
2026-09-15 07:20:00,63
2026-09-15 07:27:00,63
2026-09-15 07:35:00,64
2026-09-15 07:40:00,67
2026-09-15 07:47:00,65
2026-09-15 07:52:00,67
2026-09-15 07:59:00,66
2026-09-15 08:07:00,70
2026-09-15 08:15:00,67
2026-09-15 08:23:00,73
2026-09-15 08:28:00,72
2026-09-15 08:35:00,71
2026-09-15 08:43:00,69
2026-09-15 08:51:00,69
2026-09-15 08:59:00,74
2026-09-15 09:04:00,70
2026-09-15 09:09:00,70
2026-09-15 09:15:00,68
2026-09-15 09:21:00,74
2026-09-15 09:26:00,72
2026-09-15 09:31:00,74
2026-09-15 09:34:00,73
2026-09-15 09:40:00,72
2026-09-15 09:43:00,76
2026-09-15 09:48:00,73
2026-09-15 09:53:00,72
2026-09-15 09:56:00,75
2026-09-15 10:02:00,75
2026-09-15 10:07:00,74
2026-09-15 10:10:00,75
2026-09-15 10:15:00,74
2026-09-15 10:20:00,74
2026-09-15 10:23:00,78
2026-09-15 10:26:00,71
2026-09-15 10:31:00,72
2026-09-15 10:34:00,75
2026-09-15 10:40:00,74
2026-09-15 10:46:00,70
2026-09-15 10:52:00,70
2026-09-15 10:57:00,70
2026-09-15 11:02:00,71
2026-09-15 11:08:00,75
2026-09-15 11:14:00,74
2026-09-15 11:20:00,71
2026-09-15 11:26:00,97
2026-09-15 11:29:00,72
2026-09-15 11:35:00,70
2026-09-15 11:40:00,70
2026-09-15 11:45:00,71
2026-09-15 11:51:00,66
2026-09-15 11:54:00,68
2026-09-15 11:59:00,69
2026-09-15 12:02:00,66
2026-09-15 12:08:00,67
2026-09-15 12:13:00,65
2026-09-15 12:18:00,64
2026-09-15 12:23:00,65
2026-09-15 12:29:00,68
2026-09-15 12:34:00,71
2026-09-15 12:40:00,67
2026-09-15 12:43:00,66
2026-09-15 12:46:00,65
2026-09-15 12:49:00,64
2026-09-15 12:52:00,67
2026-09-15 12:57:00,68
2026-09-15 13:02:00,69
2026-09-15 13:07:00,67
2026-09-15 13:13:00,70
2026-09-15 13:19:00,66
2026-09-15 13:24:00,71
2026-09-15 13:29:00,69
2026-09-15 13:35:00,68
2026-09-15 13:38:00,69
2026-09-15 13:41:00,68
2026-09-15 13:47:00,68
2026-09-15 13:50:00,68
2026-09-15 13:53:00,72
2026-09-15 13:56:00,71
2026-09-15 14:02:00,73
2026-09-15 14:08:00,77
2026-09-15 14:13:00,72
2026-09-15 14:18:00,69
2026-09-15 14:24:00,73
2026-09-15 14:30:00,75
2026-09-15 14:35:00,73
2026-09-15 14:41:00,69
2026-09-15 14:44:00,73
2026-09-15 14:47:00,74
2026-09-15 14:52:00,72
2026-09-15 14:55:00,71
2026-09-15 15:00:00,72
2026-09-15 15:03:00,71
2026-09-15 15:08:00,73
2026-09-15 15:13:00,74
2026-09-15 15:16:00,76
2026-09-15 15:21:00,75
2026-09-15 15:27:00,72
2026-09-15 15:33:00,72
2026-09-15 15:39:00,73
2026-09-15 15:45:00,74
2026-09-15 15:50:00,71
2026-09-15 15:56:00,69
2026-09-15 15:59:00,73
2026-09-15 16:02:00,70
2026-09-15 16:07:00,68
2026-09-15 16:12:00,69
2026-09-15 16:18:00,74
2026-09-15 16:23:00,71
2026-09-15 16:26:00,73
2026-09-15 16:31:00,73
2026-09-15 16:37:00,69
2026-09-15 16:43:00,69
2026-09-15 16:48:00,69
2026-09-15 16:53:00,67
2026-09-15 16:58:00,69
2026-09-15 17:03:00,72
2026-09-15 17:06:00,70
2026-09-15 17:12:00,69
2026-09-15 17:17:00,70
2026-09-15 17:22:00,102
2026-09-15 17:28:00,66
2026-09-15 17:31:00,66
2026-09-15 17:36:00,73
2026-09-15 17:42:00,66
2026-09-15 17:47:00,70
2026-09-15 17:50:00,70
2026-09-15 17:55:00,68
2026-09-15 18:01:00,70
2026-09-15 18:06:00,71
2026-09-15 18:14:00,76
2026-09-15 18:19:00,71
2026-09-15 18:26:00,71
2026-09-15 18:31:00,71
2026-09-15 18:39:00,70
2026-09-15 18:44:00,70
2026-09-15 18:52:00,72
2026-09-15 19:00:00,72
2026-09-15 19:05:00,72
2026-09-15 19:13:00,71
2026-09-15 19:20:00,70
2026-09-15 19:25:00,71
2026-09-15 19:30:00,72
2026-09-15 19:37:00,75
2026-09-15 19:42:00,74
2026-09-15 19:47:00,68
2026-09-15 19:54:00,71
2026-09-15 20:02:00,69
2026-09-15 20:07:00,73
2026-09-15 20:14:00,65
2026-09-15 20:21:00,70
2026-09-15 20:29:00,64
2026-09-15 20:36:00,71
2026-09-15 20:41:00,71
2026-09-15 20:49:00,65
2026-09-15 20:57:00,64
2026-09-15 21:05:00,67
2026-09-15 21:12:00,66
2026-09-15 21:19:00,66
2026-09-15 21:27:00,66
2026-09-15 21:35:00,64
2026-09-15 21:43:00,66
2026-09-15 21:51:00,64
2026-09-15 21:58:00,64
2026-09-15 22:03:00,61
2026-09-15 22:11:00,56
2026-09-15 22:19:00,56
2026-09-15 22:24:00,55
2026-09-15 22:31:00,57
2026-09-15 22:39:00,60
2026-09-15 22:44:00,59
2026-09-15 22:49:00,56
2026-09-15 22:56:00,61
2026-09-15 23:01:00,59
2026-09-15 23:06:00,53
2026-09-15 23:13:00,57
2026-09-15 23:21:00,58
2026-09-15 23:29:00,55
2026-09-15 23:37:00,57
2026-09-15 23:45:00,57
2026-09-15 23:50:00,51
2026-09-15 23:57:00,51
2026-09-16 00:00:00,51
2026-09-16 00:08:00,50
2026-09-16 00:18:00,53
2026-09-16 00:26:00,52
2026-09-16 00:38:00,48
2026-09-16 00:48:00,53
2026-09-16 00:58:00,53
2026-09-16 01:06:00,56
2026-09-16 01:14:00,56
2026-09-16 01:24:00,56
2026-09-16 01:36:00,56
2026-09-16 01:48:00,55
2026-09-16 01:58:00,59
2026-09-16 02:06:00,55
2026-09-16 02:14:00,56
2026-09-16 02:22:00,52
2026-09-16 02:34:00,54
2026-09-16 02:42:00,52
2026-09-16 02:50:00,57
2026-09-16 03:02:00,52
2026-09-16 03:10:00,47
2026-09-16 03:18:00,50
2026-09-16 03:26:00,51
2026-09-16 03:38:00,49
2026-09-16 03:48:00,49
2026-09-16 03:56:00,48
2026-09-16 04:06:00,50
2026-09-16 04:14:00,49
2026-09-16 04:22:00,50
2026-09-16 04:34:00,48
2026-09-16 04:44:00,45
2026-09-16 04:56:00,46
2026-09-16 05:04:00,51
2026-09-16 05:16:00,49
2026-09-16 05:28:00,47
2026-09-16 05:40:00,52
2026-09-16 05:48:00,54
2026-09-16 05:56:00,50
2026-09-16 06:06:00,60
2026-09-16 06:14:00,60
2026-09-16 06:21:00,60
2026-09-16 06:26:00,58
2026-09-16 06:31:00,62
2026-09-16 06:36:00,62
2026-09-16 06:44:00,60
2026-09-16 06:52:00,59
2026-09-16 07:00:00,62
2026-09-16 07:08:00,66
2026-09-16 07:15:00,64
2026-09-16 07:20:00,63
2026-09-16 07:28:00,67
2026-09-16 07:36:00,64
2026-09-16 07:41:00,65
2026-09-16 07:48:00,68
2026-09-16 07:55:00,65
2026-09-16 08:02:00,71
2026-09-16 08:09:00,69
2026-09-16 08:16:00,72
2026-09-16 08:21:00,71
2026-09-16 08:29:00,71
2026-09-16 08:34:00,68
2026-09-16 08:39:00,74
2026-09-16 08:46:00,70
2026-09-16 08:51:00,72
2026-09-16 08:59:00,74
2026-09-16 09:07:00,73
2026-09-16 09:12:00,71
2026-09-16 09:17:00,67
2026-09-16 09:23:00,74
2026-09-16 09:26:00,76
2026-09-16 09:29:00,71
2026-09-16 09:34:00,76
2026-09-16 09:40:00,78
2026-09-16 09:45:00,73
2026-09-16 09:51:00,78
2026-09-16 09:57:00,72
2026-09-16 10:02:00,74
2026-09-16 10:07:00,76
2026-09-16 10:10:00,73
2026-09-16 10:13:00,75
2026-09-16 10:19:00,75
2026-09-16 10:22:00,77
2026-09-16 10:27:00,75
2026-09-16 10:32:00,71
2026-09-16 10:35:00,72
2026-09-16 10:38:00,72
2026-09-16 10:43:00,72
2026-09-16 10:48:00,74
2026-09-16 10:54:00,72
2026-09-16 10:59:00,70
2026-09-16 11:05:00,73
2026-09-16 11:08:00,72
2026-09-16 11:11:00,72
2026-09-16 11:14:00,100
2026-09-16 11:17:00,70
2026-09-16 11:20:00,71
2026-09-16 11:26:00,72
2026-09-16 11:31:00,70
2026-09-16 11:34:00,68
2026-09-16 11:37:00,69
2026-09-16 11:43:00,72
2026-09-16 11:48:00,70
2026-09-16 11:54:00,73
2026-09-16 12:00:00,72
2026-09-16 12:03:00,68
2026-09-16 12:08:00,70
2026-09-16 12:13:00,67
2026-09-16 12:16:00,67
2026-09-16 12:19:00,72
2026-09-16 12:24:00,68
2026-09-16 12:27:00,69
2026-09-16 12:30:00,70
2026-09-16 12:36:00,68
2026-09-16 12:42:00,65
2026-09-16 12:47:00,70
2026-09-16 12:53:00,68
2026-09-16 12:59:00,67
2026-09-16 13:04:00,69
2026-09-16 13:09:00,68
2026-09-16 13:14:00,71
2026-09-16 13:17:00,72
2026-09-16 13:22:00,66
2026-09-16 13:28:00,66
2026-09-16 13:33:00,69
2026-09-16 13:36:00,69
2026-09-16 13:42:00,73
2026-09-16 13:45:00,73
2026-09-16 13:50:00,70
2026-09-16 13:56:00,72
2026-09-16 14:02:00,74
2026-09-16 14:07:00,71
2026-09-16 14:13:00,74
2026-09-16 14:18:00,74
2026-09-16 14:24:00,70
2026-09-16 14:27:00,73
2026-09-16 14:33:00,77
2026-09-16 14:39:00,73
2026-09-16 14:45:00,77
2026-09-16 14:48:00,74
2026-09-16 14:53:00,72
2026-09-16 14:59:00,72
2026-09-16 15:02:00,77
2026-09-16 15:05:00,75
2026-09-16 15:11:00,74
2026-09-16 15:17:00,72
2026-09-16 15:22:00,79
2026-09-16 15:27:00,75
2026-09-16 15:32:00,74
2026-09-16 15:37:00,70
2026-09-16 15:40:00,73
2026-09-16 15:46:00,71
2026-09-16 15:51:00,71
2026-09-16 15:54:00,73
2026-09-16 16:00:00,71
2026-09-16 16:05:00,72
2026-09-16 16:10:00,74
2026-09-16 16:15:00,72
2026-09-16 16:20:00,77
2026-09-16 16:25:00,77
2026-09-16 16:28:00,68
2026-09-16 16:33:00,69
2026-09-16 16:38:00,71
2026-09-16 16:41:00,72
2026-09-16 16:44:00,70
2026-09-16 16:49:00,68
2026-09-16 16:52:00,69
2026-09-16 16:55:00,65
2026-09-16 17:00:00,69
2026-09-16 17:03:00,73
2026-09-16 17:06:00,65
2026-09-16 17:11:00,68
2026-09-16 17:17:00,69
2026-09-16 17:20:00,66
2026-09-16 17:23:00,65
2026-09-16 17:26:00,71
2026-09-16 17:31:00,71
2026-09-16 17:36:00,69
2026-09-16 17:39:00,70
2026-09-16 17:45:00,68
2026-09-16 17:50:00,71
2026-09-16 17:53:00,68
2026-09-16 17:59:00,69
2026-09-16 18:04:00,71
2026-09-16 18:09:00,71
2026-09-16 18:17:00,73
2026-09-16 18:22:00,73
2026-09-16 18:29:00,72
2026-09-16 18:34:00,73
2026-09-16 18:42:00,71
2026-09-16 18:47:00,73
2026-09-16 18:55:00,67
2026-09-16 19:03:00,73
2026-09-16 19:11:00,71
2026-09-16 19:16:00,75
2026-09-16 19:24:00,75
2026-09-16 19:31:00,73
2026-09-16 19:36:00,74
2026-09-16 19:43:00,71
2026-09-16 19:51:00,71
2026-09-16 19:59:00,71
2026-09-16 20:07:00,70
2026-09-16 20:14:00,70
2026-09-16 20:21:00,70
2026-09-16 20:29:00,71
2026-09-16 20:36:00,66
2026-09-16 20:44:00,67
2026-09-16 20:49:00,66
2026-09-16 20:54:00,61
2026-09-16 20:59:00,68
2026-09-16 21:06:00,70
2026-09-16 21:11:00,68
2026-09-16 21:18:00,64
2026-09-16 21:26:00,65
2026-09-16 21:33:00,68
2026-09-16 21:38:00,62
2026-09-16 21:45:00,67
2026-09-16 21:53:00,63
2026-09-16 22:00:00,63
2026-09-16 22:07:00,59
2026-09-16 22:14:00,54
2026-09-16 22:21:00,61
2026-09-16 22:28:00,58
2026-09-16 22:35:00,61
2026-09-16 22:42:00,57
2026-09-16 22:47:00,56
2026-09-16 22:55:00,59
2026-09-16 23:00:00,57
2026-09-16 23:08:00,58
2026-09-16 23:15:00,56
2026-09-16 23:23:00,59
2026-09-16 23:31:00,58
2026-09-16 23:38:00,58
2026-09-16 23:45:00,55
2026-09-16 23:50:00,51
2026-09-16 23:58:00,54
2026-09-17 00:00:00,58
2026-09-17 00:08:00,51
2026-09-17 00:16:00,51
2026-09-17 00:28:00,51
2026-09-17 00:40:00,49
2026-09-17 00:48:00,54
2026-09-17 01:00:00,53
2026-09-17 01:08:00,56
2026-09-17 01:16:00,59
2026-09-17 01:26:00,56
2026-09-17 01:36:00,56
2026-09-17 01:44:00,54
2026-09-17 01:56:00,56
2026-09-17 02:06:00,53
2026-09-17 02:14:00,54
2026-09-17 02:24:00,54
2026-09-17 02:34:00,53
2026-09-17 02:42:00,53
2026-09-17 02:50:00,51
2026-09-17 03:00:00,55
2026-09-17 03:12:00,54
2026-09-17 03:24:00,52
2026-09-17 03:34:00,53
2026-09-17 03:46:00,50
2026-09-17 03:56:00,50
2026-09-17 04:04:00,50
2026-09-17 04:14:00,51
2026-09-17 04:22:00,54
2026-09-17 04:34:00,47
2026-09-17 04:46:00,47
2026-09-17 04:56:00,45
2026-09-17 05:06:00,50
2026-09-17 05:16:00,46
2026-09-17 05:28:00,50
2026-09-17 05:40:00,51
2026-09-17 05:48:00,54
2026-09-17 05:56:00,50
2026-09-17 06:04:00,60
2026-09-17 06:11:00,58
2026-09-17 06:18:00,60
2026-09-17 06:25:00,57
2026-09-17 06:33:00,62
2026-09-17 06:38:00,62
2026-09-17 06:46:00,59
2026-09-17 06:54:00,63
2026-09-17 07:01:00,68
2026-09-17 07:09:00,66
2026-09-17 07:17:00,61
2026-09-17 07:22:00,66
2026-09-17 07:29:00,69
2026-09-17 07:34:00,64
2026-09-17 07:42:00,69
2026-09-17 07:50:00,73
2026-09-17 07:57:00,69
2026-09-17 08:05:00,69
2026-09-17 08:10:00,71
2026-09-17 08:18:00,72
2026-09-17 08:25:00,72
2026-09-17 08:33:00,77
2026-09-17 08:41:00,74
2026-09-17 08:48:00,72
2026-09-17 08:56:00,74
2026-09-17 09:04:00,75
2026-09-17 09:10:00,70
2026-09-17 09:16:00,71
2026-09-17 09:19:00,70
2026-09-17 09:25:00,78
2026-09-17 09:28:00,77
2026-09-17 09:31:00,73
2026-09-17 09:36:00,72
2026-09-17 09:42:00,72
2026-09-17 09:48:00,71
2026-09-17 09:54:00,75
2026-09-17 10:00:00,77
2026-09-17 10:05:00,76
2026-09-17 10:10:00,74
2026-09-17 10:15:00,78
2026-09-17 10:21:00,76
2026-09-17 10:26:00,76
2026-09-17 10:32:00,74
2026-09-17 10:35:00,76
2026-09-17 10:38:00,70
2026-09-17 10:43:00,77
2026-09-17 10:46:00,75
2026-09-17 10:52:00,75
2026-09-17 10:58:00,75
2026-09-17 11:03:00,74
2026-09-17 11:08:00,75
2026-09-17 11:11:00,73
2026-09-17 11:17:00,72
2026-09-17 11:23:00,72
2026-09-17 11:26:00,72
2026-09-17 11:31:00,69
2026-09-17 11:36:00,70
2026-09-17 11:42:00,71
2026-09-17 11:48:00,74
2026-09-17 11:54:00,70
2026-09-17 11:57:00,71
2026-09-17 12:00:00,68
2026-09-17 12:05:00,69
2026-09-17 12:08:00,70
2026-09-17 12:11:00,68
2026-09-17 12:16:00,69
2026-09-17 12:22:00,67
2026-09-17 12:28:00,71
2026-09-17 12:33:00,66
2026-09-17 12:39:00,68
2026-09-17 12:44:00,66
2026-09-17 12:47:00,63
2026-09-17 12:53:00,67
2026-09-17 12:59:00,67
2026-09-17 13:04:00,69
2026-09-17 13:10:00,67
2026-09-17 13:13:00,70
2026-09-17 13:19:00,69
2026-09-17 13:25:00,71
2026-09-17 13:31:00,71
2026-09-17 13:36:00,68
2026-09-17 13:41:00,73
2026-09-17 13:46:00,71
2026-09-17 13:52:00,69
2026-09-17 13:58:00,68
2026-09-17 14:04:00,77
2026-09-17 14:09:00,71
2026-09-17 14:14:00,69
2026-09-17 14:20:00,68
2026-09-17 14:26:00,75
2026-09-17 14:31:00,78
2026-09-17 14:34:00,74
2026-09-17 14:40:00,72
2026-09-17 14:46:00,75
2026-09-17 14:52:00,70
2026-09-17 14:55:00,74
2026-09-17 15:00:00,74
2026-09-17 15:03:00,78
2026-09-17 15:08:00,73
2026-09-17 15:14:00,75
2026-09-17 15:20:00,77
2026-09-17 15:26:00,77
2026-09-17 15:32:00,71
2026-09-17 15:35:00,74
2026-09-17 15:38:00,77
2026-09-17 15:43:00,76
2026-09-17 15:46:00,78
2026-09-17 15:49:00,72
2026-09-17 15:54:00,70
2026-09-17 15:59:00,69
2026-09-17 16:02:00,72
2026-09-17 16:05:00,67
2026-09-17 16:08:00,76
2026-09-17 16:11:00,73
2026-09-17 16:16:00,76
2026-09-17 16:22:00,69
2026-09-17 16:25:00,73
2026-09-17 16:31:00,71
2026-09-17 16:37:00,72
2026-09-17 16:42:00,72
2026-09-17 16:47:00,70
2026-09-17 16:50:00,67
2026-09-17 16:56:00,69
2026-09-17 17:02:00,73
2026-09-17 17:05:00,70
2026-09-17 17:11:00,67
2026-09-17 17:14:00,70
2026-09-17 17:17:00,93
2026-09-17 17:20:00,71
2026-09-17 17:25:00,68
2026-09-17 17:31:00,69
2026-09-17 17:36:00,68
2026-09-17 17:39:00,64
2026-09-17 17:42:00,69
2026-09-17 17:48:00,71
2026-09-17 17:54:00,68
2026-09-17 18:00:00,71
2026-09-17 18:05:00,74
2026-09-17 18:13:00,71
2026-09-17 18:20:00,75
2026-09-17 18:27:00,75
2026-09-17 18:35:00,121
2026-09-17 18:40:00,129
2026-09-17 18:48:00,121
2026-09-17 18:53:00,116
2026-09-17 19:01:00,112
2026-09-17 19:06:00,112
2026-09-17 19:14:00,118
2026-09-17 19:22:00,73
2026-09-17 19:27:00,73
2026-09-17 19:34:00,71
2026-09-17 19:42:00,75
2026-09-17 19:50:00,69
2026-09-17 19:58:00,74
2026-09-17 20:05:00,67
2026-09-17 20:10:00,70
2026-09-17 20:17:00,71
2026-09-17 20:25:00,70
2026-09-17 20:32:00,70
2026-09-17 20:40:00,68
2026-09-17 20:45:00,68
2026-09-17 20:53:00,68
2026-09-17 21:00:00,66
2026-09-17 21:07:00,64
2026-09-17 21:12:00,69
2026-09-17 21:17:00,66
2026-09-17 21:24:00,66
2026-09-17 21:31:00,66
2026-09-17 21:39:00,64
2026-09-17 21:47:00,63
2026-09-17 21:54:00,67
2026-09-17 22:01:00,56
2026-09-17 22:08:00,58
2026-09-17 22:13:00,57
2026-09-17 22:21:00,58
2026-09-17 22:26:00,57
2026-09-17 22:31:00,58
2026-09-17 22:39:00,59
2026-09-17 22:44:00,59
2026-09-17 22:49:00,52
2026-09-17 22:56:00,58
2026-09-17 23:04:00,55
2026-09-17 23:11:00,58
2026-09-17 23:16:00,59
2026-09-17 23:23:00,60
2026-09-17 23:28:00,56
2026-09-17 23:33:00,58
2026-09-17 23:38:00,54
2026-09-17 23:43:00,57
2026-09-17 23:48:00,57
2026-09-17 23:53:00,53
2026-09-18 00:00:00,50
2026-09-18 00:08:00,53
2026-09-18 00:16:00,51
2026-09-18 00:24:00,55
2026-09-18 00:36:00,59
2026-09-18 00:44:00,53
2026-09-18 00:52:00,55
2026-09-18 01:04:00,55
2026-09-18 01:16:00,59
2026-09-18 01:28:00,57
2026-09-18 01:38:00,61
2026-09-18 01:50:00,56
2026-09-18 02:02:00,58
2026-09-18 02:10:00,60
2026-09-18 02:22:00,54
2026-09-18 02:30:00,53
2026-09-18 02:42:00,51
2026-09-18 02:50:00,57
2026-09-18 03:00:00,52
2026-09-18 03:12:00,51
2026-09-18 03:22:00,49
2026-09-18 03:32:00,52
2026-09-18 03:42:00,53
2026-09-18 03:50:00,49
2026-09-18 03:58:00,53
2026-09-18 04:08:00,44
2026-09-18 04:16:00,46
2026-09-18 04:28:00,49
2026-09-18 04:40:00,50
2026-09-18 04:48:00,45
2026-09-18 04:58:00,44
2026-09-18 05:08:00,45
2026-09-18 05:16:00,48
2026-09-18 05:24:00,47
2026-09-18 05:34:00,52
2026-09-18 05:42:00,51
2026-09-18 05:50:00,54
2026-09-18 06:02:00,55
2026-09-18 06:10:00,57
2026-09-18 06:17:00,59
2026-09-18 06:24:00,60
2026-09-18 06:29:00,67
2026-09-18 06:37:00,67
2026-09-18 06:44:00,61
2026-09-18 06:49:00,59
2026-09-18 06:56:00,59
2026-09-18 07:01:00,62
2026-09-18 07:08:00,62
2026-09-18 07:15:00,64
2026-09-18 07:22:00,63
2026-09-18 07:29:00,66
2026-09-18 07:34:00,63
2026-09-18 07:42:00,68
2026-09-18 07:47:00,68
2026-09-18 07:54:00,69
2026-09-18 07:59:00,70
2026-09-18 08:07:00,71
2026-09-18 08:15:00,70
2026-09-18 08:23:00,70
2026-09-18 08:28:00,72
2026-09-18 08:35:00,76
2026-09-18 08:40:00,68
2026-09-18 08:47:00,72
2026-09-18 08:54:00,75
2026-09-18 09:01:00,70
2026-09-18 09:07:00,73
2026-09-18 09:12:00,71
2026-09-18 09:15:00,78
2026-09-18 09:20:00,69
2026-09-18 09:23:00,72
2026-09-18 09:26:00,71
2026-09-18 09:31:00,74
2026-09-18 09:37:00,74
2026-09-18 09:43:00,73
2026-09-18 09:46:00,72
2026-09-18 09:51:00,104
2026-09-18 09:54:00,75
2026-09-18 09:59:00,76
2026-09-18 10:04:00,72
2026-09-18 10:07:00,75
2026-09-18 10:10:00,78
2026-09-18 10:15:00,80
2026-09-18 10:20:00,78
2026-09-18 10:25:00,73
2026-09-18 10:31:00,71
2026-09-18 10:37:00,77
2026-09-18 10:43:00,76
2026-09-18 10:49:00,90
2026-09-18 10:55:00,74
2026-09-18 11:00:00,75
2026-09-18 11:03:00,73
2026-09-18 11:09:00,76
2026-09-18 11:14:00,71
2026-09-18 11:19:00,75
2026-09-18 11:25:00,76
2026-09-18 11:28:00,74
2026-09-18 11:34:00,68
2026-09-18 11:37:00,73
2026-09-18 11:43:00,69
2026-09-18 11:49:00,74
2026-09-18 11:55:00,70
2026-09-18 12:01:00,66
2026-09-18 12:06:00,72
2026-09-18 12:11:00,67
2026-09-18 12:17:00,72
2026-09-18 12:20:00,66
2026-09-18 12:25:00,74
2026-09-18 12:30:00,72
2026-09-18 12:36:00,71
2026-09-18 12:39:00,66
2026-09-18 12:42:00,72
2026-09-18 12:45:00,74
2026-09-18 12:50:00,72
2026-09-18 12:55:00,71
2026-09-18 13:00:00,71
2026-09-18 13:06:00,72
2026-09-18 13:11:00,72
2026-09-18 13:17:00,73
2026-09-18 13:22:00,71
2026-09-18 13:25:00,74
2026-09-18 13:31:00,71
2026-09-18 13:34:00,70
2026-09-18 13:37:00,74
2026-09-18 13:40:00,71
2026-09-18 13:45:00,72
2026-09-18 13:50:00,71
2026-09-18 13:56:00,72
2026-09-18 13:59:00,71
2026-09-18 14:02:00,76
2026-09-18 14:07:00,77
2026-09-18 14:12:00,69
2026-09-18 14:15:00,74
2026-09-18 14:21:00,76
2026-09-18 14:26:00,71
2026-09-18 14:31:00,70
2026-09-18 14:34:00,74
2026-09-18 14:39:00,76
2026-09-18 14:45:00,75
2026-09-18 14:51:00,75
2026-09-18 14:57:00,76
2026-09-18 15:03:00,71
2026-09-18 15:06:00,76
2026-09-18 15:11:00,77
2026-09-18 15:16:00,73
2026-09-18 15:22:00,77
2026-09-18 15:28:00,79
2026-09-18 15:33:00,73
2026-09-18 15:38:00,76
2026-09-18 15:43:00,71
2026-09-18 15:46:00,72
2026-09-18 15:49:00,76
2026-09-18 15:52:00,71
2026-09-18 15:58:00,76
2026-09-18 16:03:00,70
2026-09-18 16:06:00,73
2026-09-18 16:12:00,70
2026-09-18 16:15:00,75
2026-09-18 16:21:00,73
2026-09-18 16:24:00,72
2026-09-18 16:29:00,73
2026-09-18 16:32:00,71
2026-09-18 16:37:00,70
2026-09-18 16:40:00,72
2026-09-18 16:46:00,74
2026-09-18 16:51:00,71
2026-09-18 16:54:00,72
2026-09-18 17:00:00,65
2026-09-18 17:06:00,68
2026-09-18 17:09:00,72
2026-09-18 17:14:00,71
2026-09-18 17:19:00,72
2026-09-18 17:24:00,67
2026-09-18 17:30:00,70
2026-09-18 17:33:00,68
2026-09-18 17:36:00,66
2026-09-18 17:42:00,68
2026-09-18 17:48:00,72
2026-09-18 17:53:00,68
2026-09-18 17:58:00,68
2026-09-18 18:04:00,72
2026-09-18 18:09:00,78
2026-09-18 18:17:00,76
2026-09-18 18:22:00,71
2026-09-18 18:29:00,72
2026-09-18 18:37:00,73
2026-09-18 18:44:00,74
2026-09-18 18:49:00,75
2026-09-18 18:56:00,76
2026-09-18 19:04:00,76
2026-09-18 19:12:00,72
2026-09-18 19:17:00,73
2026-09-18 19:24:00,69
2026-09-18 19:32:00,73
2026-09-18 19:37:00,75
2026-09-18 19:45:00,76
2026-09-18 19:50:00,76
2026-09-18 19:57:00,72
2026-09-18 20:04:00,69
2026-09-18 20:09:00,70
2026-09-18 20:16:00,67
2026-09-18 20:24:00,69
2026-09-18 20:32:00,65
2026-09-18 20:39:00,70
2026-09-18 20:46:00,68
2026-09-18 20:51:00,68
2026-09-18 20:56:00,69
2026-09-18 21:03:00,67
2026-09-18 21:10:00,67
2026-09-18 21:15:00,64
2026-09-18 21:22:00,63
2026-09-18 21:30:00,66
2026-09-18 21:37:00,66
2026-09-18 21:45:00,63
2026-09-18 21:50:00,63
2026-09-18 21:58:00,65
2026-09-18 22:05:00,60
2026-09-18 22:10:00,57
2026-09-18 22:15:00,60
2026-09-18 22:22:00,59
2026-09-18 22:29:00,60
2026-09-18 22:36:00,58
2026-09-18 22:41:00,60
2026-09-18 22:46:00,62
2026-09-18 22:54:00,60
2026-09-18 23:01:00,56
2026-09-18 23:08:00,55
2026-09-18 23:13:00,55
2026-09-18 23:18:00,55
2026-09-18 23:23:00,56
2026-09-18 23:31:00,60
2026-09-18 23:39:00,62
2026-09-18 23:46:00,52
2026-09-18 23:53:00,54
2026-09-19 00:00:00,53
2026-09-19 00:12:00,52
2026-09-19 00:22:00,58
2026-09-19 00:30:00,54
2026-09-19 00:38:00,56
2026-09-19 00:50:00,54
2026-09-19 01:02:00,58
2026-09-19 01:12:00,53
2026-09-19 01:24:00,54
2026-09-19 01:34:00,57
2026-09-19 01:44:00,54
2026-09-19 01:56:00,57
2026-09-19 02:08:00,53
2026-09-19 02:16:00,58
2026-09-19 02:28:00,53
2026-09-19 02:38:00,55
2026-09-19 02:50:00,57
2026-09-19 02:58:00,50
2026-09-19 03:06:00,56
2026-09-19 03:18:00,51
2026-09-19 03:30:00,53
2026-09-19 03:40:00,47
2026-09-19 03:50:00,54
2026-09-19 03:58:00,49
2026-09-19 04:08:00,48
2026-09-19 04:18:00,50
2026-09-19 04:30:00,51
2026-09-19 04:42:00,52
2026-09-19 04:52:00,49
2026-09-19 05:04:00,48
2026-09-19 05:16:00,54
2026-09-19 05:26:00,50
2026-09-19 05:34:00,43
2026-09-19 05:44:00,52
2026-09-19 05:54:00,56
2026-09-19 06:02:00,58
2026-09-19 06:10:00,61
2026-09-19 06:17:00,63
2026-09-19 06:24:00,59
2026-09-19 06:29:00,59
2026-09-19 06:36:00,62
2026-09-19 06:44:00,61
2026-09-19 06:51:00,61
2026-09-19 06:59:00,67
2026-09-19 07:04:00,62
2026-09-19 07:11:00,62
2026-09-19 07:16:00,64
2026-09-19 07:21:00,66
2026-09-19 07:26:00,66
2026-09-19 07:34:00,67
2026-09-19 07:42:00,70
2026-09-19 07:49:00,62
2026-09-19 07:56:00,70
2026-09-19 08:04:00,70
2026-09-19 08:11:00,70
2026-09-19 08:16:00,70
2026-09-19 08:23:00,73
2026-09-19 08:30:00,72
2026-09-19 08:35:00,74
2026-09-19 08:43:00,74
2026-09-19 08:51:00,78
2026-09-19 08:59:00,76
2026-09-19 09:06:00,72
2026-09-19 09:11:00,72
2026-09-19 09:16:00,74
2026-09-19 09:21:00,74
2026-09-19 09:24:00,70
2026-09-19 09:29:00,76
2026-09-19 09:32:00,72
2026-09-19 09:35:00,72
2026-09-19 09:40:00,77
2026-09-19 09:46:00,71
2026-09-19 09:49:00,73
2026-09-19 09:55:00,77
2026-09-19 09:58:00,75
2026-09-19 10:01:00,75
2026-09-19 10:04:00,77
2026-09-19 10:09:00,73
2026-09-19 10:14:00,79
2026-09-19 10:17:00,74
2026-09-19 10:20:00,76
2026-09-19 10:23:00,76
2026-09-19 10:28:00,76
2026-09-19 10:34:00,73
2026-09-19 10:39:00,76
2026-09-19 10:45:00,76
2026-09-19 10:48:00,76
2026-09-19 10:51:00,76
2026-09-19 10:57:00,77
2026-09-19 11:03:00,75
2026-09-19 11:09:00,76
2026-09-19 11:12:00,75
2026-09-19 11:17:00,73
2026-09-19 11:20:00,69
2026-09-19 11:23:00,75
2026-09-19 11:26:00,77
2026-09-19 11:32:00,69
2026-09-19 11:38:00,74
2026-09-19 11:43:00,75
2026-09-19 11:46:00,72
2026-09-19 11:51:00,70
2026-09-19 11:56:00,70
2026-09-19 12:01:00,68
2026-09-19 12:04:00,69
2026-09-19 12:09:00,73
2026-09-19 12:15:00,72
2026-09-19 12:18:00,68
2026-09-19 12:21:00,70
2026-09-19 12:24:00,73
2026-09-19 12:27:00,68
2026-09-19 12:32:00,69
2026-09-19 12:35:00,68
2026-09-19 12:38:00,71
2026-09-19 12:41:00,69
2026-09-19 12:47:00,68
2026-09-19 12:52:00,70
2026-09-19 12:57:00,68
2026-09-19 13:03:00,71
2026-09-19 13:08:00,68
2026-09-19 13:11:00,69
2026-09-19 13:14:00,70
2026-09-19 13:20:00,71
2026-09-19 13:25:00,73
2026-09-19 13:31:00,96
2026-09-19 13:36:00,74
2026-09-19 13:42:00,74
2026-09-19 13:45:00,73
2026-09-19 13:48:00,74
2026-09-19 13:51:00,74
2026-09-19 13:57:00,71
2026-09-19 14:03:00,72
2026-09-19 14:06:00,72
2026-09-19 14:12:00,75
2026-09-19 14:17:00,75
2026-09-19 14:22:00,74
2026-09-19 14:27:00,73
2026-09-19 14:32:00,75
2026-09-19 14:35:00,74
2026-09-19 14:38:00,77
2026-09-19 14:43:00,77
2026-09-19 14:46:00,76
2026-09-19 14:51:00,76
2026-09-19 14:57:00,80
2026-09-19 15:03:00,77
2026-09-19 15:08:00,74
2026-09-19 15:14:00,77
2026-09-19 15:20:00,73
2026-09-19 15:23:00,77
2026-09-19 15:29:00,75
2026-09-19 15:32:00,74
2026-09-19 15:35:00,76
2026-09-19 15:38:00,73
2026-09-19 15:44:00,74
2026-09-19 15:47:00,78
2026-09-19 15:50:00,73
2026-09-19 15:53:00,74
2026-09-19 15:58:00,76
2026-09-19 16:03:00,72
2026-09-19 16:09:00,71
2026-09-19 16:12:00,74
2026-09-19 16:15:00,75
2026-09-19 16:20:00,73
2026-09-19 16:23:00,71
2026-09-19 16:28:00,71
2026-09-19 16:33:00,73
2026-09-19 16:38:00,69
2026-09-19 16:44:00,75
2026-09-19 16:50:00,70
2026-09-19 16:55:00,68
2026-09-19 17:00:00,69
2026-09-19 17:05:00,74
2026-09-19 17:10:00,70
2026-09-19 17:15:00,71
2026-09-19 17:20:00,61
2026-09-19 17:23:00,66
2026-09-19 17:29:00,69
2026-09-19 17:35:00,72
2026-09-19 17:38:00,69
2026-09-19 17:41:00,69
2026-09-19 17:47:00,68
2026-09-19 17:53:00,69
2026-09-19 17:59:00,70
2026-09-19 18:02:00,73
2026-09-19 18:09:00,74
2026-09-19 18:14:00,77
2026-09-19 18:19:00,76
2026-09-19 18:24:00,73
2026-09-19 18:32:00,75
2026-09-19 18:40:00,75
2026-09-19 18:45:00,73
2026-09-19 18:50:00,76
2026-09-19 18:57:00,75
2026-09-19 19:05:00,75
2026-09-19 19:10:00,70
2026-09-19 19:17:00,71
2026-09-19 19:22:00,78
2026-09-19 19:29:00,76
2026-09-19 19:37:00,76
2026-09-19 19:42:00,74
2026-09-19 19:47:00,72
2026-09-19 19:55:00,74
2026-09-19 20:02:00,69
2026-09-19 20:10:00,72
2026-09-19 20:18:00,68
2026-09-19 20:25:00,67
2026-09-19 20:30:00,65
2026-09-19 20:37:00,68
2026-09-19 20:44:00,66
2026-09-19 20:49:00,71
2026-09-19 20:57:00,68
2026-09-19 21:05:00,69
2026-09-19 21:12:00,64
2026-09-19 21:20:00,67
2026-09-19 21:25:00,68
2026-09-19 21:33:00,65
2026-09-19 21:38:00,65
2026-09-19 21:45:00,65
2026-09-19 21:50:00,66
2026-09-19 21:57:00,67
2026-09-19 22:04:00,64
2026-09-19 22:09:00,58
2026-09-19 22:17:00,57
2026-09-19 22:24:00,61
2026-09-19 22:31:00,60
2026-09-19 22:39:00,57
2026-09-19 22:44:00,62
2026-09-19 22:52:00,61
2026-09-19 22:57:00,59
2026-09-19 23:04:00,60
2026-09-19 23:09:00,56
2026-09-19 23:16:00,57
2026-09-19 23:23:00,57
2026-09-19 23:30:00,56
2026-09-19 23:38:00,54
2026-09-19 23:43:00,61
2026-09-19 23:50:00,59
2026-09-19 23:57:00,54
2026-09-20 00:00:00,57
2026-09-20 00:08:00,54
2026-09-20 00:18:00,56
2026-09-20 00:30:00,50
2026-09-20 00:38:00,53
2026-09-20 00:46:00,53
2026-09-20 00:56:00,54
2026-09-20 01:06:00,61
2026-09-20 01:18:00,57
2026-09-20 01:26:00,57
2026-09-20 01:38:00,56
2026-09-20 01:46:00,57
2026-09-20 01:56:00,58
2026-09-20 02:08:00,55
2026-09-20 02:20:00,52
2026-09-20 02:30:00,55
2026-09-20 02:42:00,56
2026-09-20 02:50:00,50
2026-09-20 03:00:00,51
2026-09-20 03:08:00,51
2026-09-20 03:16:00,54
2026-09-20 03:26:00,50
2026-09-20 03:38:00,49
2026-09-20 03:46:00,51
2026-09-20 03:54:00,53
2026-09-20 04:02:00,50
2026-09-20 04:12:00,47
2026-09-20 04:22:00,45
2026-09-20 04:32:00,49
2026-09-20 04:40:00,47
2026-09-20 04:52:00,48
2026-09-20 05:02:00,49
2026-09-20 05:12:00,50
2026-09-20 05:22:00,49
2026-09-20 05:32:00,54
2026-09-20 05:44:00,52
2026-09-20 05:52:00,54
2026-09-20 06:00:00,56
2026-09-20 06:05:00,54
2026-09-20 06:12:00,59
2026-09-20 06:20:00,60
2026-09-20 06:27:00,58
2026-09-20 06:35:00,62
2026-09-20 06:42:00,64
2026-09-20 06:50:00,61
2026-09-20 06:55:00,66
2026-09-20 07:02:00,62
2026-09-20 07:10:00,68
2026-09-20 07:18:00,63
2026-09-20 07:26:00,69
2026-09-20 07:34:00,71
2026-09-20 07:41:00,69
2026-09-20 07:46:00,68
2026-09-20 07:51:00,70
2026-09-20 07:56:00,71
2026-09-20 08:04:00,71
2026-09-20 08:11:00,74
2026-09-20 08:16:00,71
2026-09-20 08:24:00,77
2026-09-20 08:29:00,71
2026-09-20 08:34:00,74
2026-09-20 08:41:00,69
2026-09-20 08:48:00,74
2026-09-20 08:53:00,73
2026-09-20 09:01:00,71
2026-09-20 09:06:00,70
2026-09-20 09:09:00,71
2026-09-20 09:12:00,74
2026-09-20 09:18:00,69
2026-09-20 09:23:00,71
2026-09-20 09:28:00,74
2026-09-20 09:31:00,72
2026-09-20 09:36:00,72
2026-09-20 09:39:00,77
2026-09-20 09:44:00,76
2026-09-20 09:49:00,76
2026-09-20 09:52:00,73
2026-09-20 09:57:00,76
2026-09-20 10:03:00,75
2026-09-20 10:09:00,73
2026-09-20 10:14:00,77
2026-09-20 10:17:00,76
2026-09-20 10:22:00,71
2026-09-20 10:25:00,75
2026-09-20 10:28:00,73
2026-09-20 10:34:00,76
2026-09-20 10:37:00,74
2026-09-20 10:40:00,74
2026-09-20 10:45:00,76
2026-09-20 10:50:00,77
2026-09-20 10:56:00,73
2026-09-20 10:59:00,76
2026-09-20 11:05:00,73
2026-09-20 11:11:00,73
2026-09-20 11:14:00,77
2026-09-20 11:17:00,75
2026-09-20 11:22:00,70
2026-09-20 11:25:00,73
2026-09-20 11:31:00,75
2026-09-20 11:37:00,103
2026-09-20 11:43:00,69
2026-09-20 11:46:00,69
2026-09-20 11:52:00,76
2026-09-20 11:58:00,69
2026-09-20 12:03:00,71
2026-09-20 12:08:00,72
2026-09-20 12:14:00,71
2026-09-20 12:20:00,68
2026-09-20 12:25:00,69
2026-09-20 12:31:00,69
2026-09-20 12:34:00,71
2026-09-20 12:39:00,69
2026-09-20 12:45:00,68
2026-09-20 12:51:00,71
2026-09-20 12:54:00,67
2026-09-20 13:00:00,66
2026-09-20 13:03:00,64
2026-09-20 13:08:00,73
2026-09-20 13:13:00,71
2026-09-20 13:19:00,71
2026-09-20 13:24:00,74
2026-09-20 13:29:00,71
2026-09-20 13:35:00,73
2026-09-20 13:41:00,68
2026-09-20 13:44:00,73
2026-09-20 13:50:00,75
2026-09-20 13:53:00,71
2026-09-20 13:56:00,69
2026-09-20 14:02:00,75
2026-09-20 14:07:00,74
2026-09-20 14:12:00,74
2026-09-20 14:18:00,76
2026-09-20 14:24:00,73
2026-09-20 14:30:00,76
2026-09-20 14:35:00,74
2026-09-20 14:38:00,76
2026-09-20 14:44:00,75
2026-09-20 14:50:00,74
2026-09-20 14:53:00,74
2026-09-20 14:59:00,76
2026-09-20 15:04:00,74
2026-09-20 15:07:00,73
2026-09-20 15:10:00,76
2026-09-20 15:15:00,100
2026-09-20 15:20:00,70
2026-09-20 15:25:00,74
2026-09-20 15:31:00,72
2026-09-20 15:34:00,77
2026-09-20 15:39:00,76
2026-09-20 15:44:00,73
2026-09-20 15:47:00,78
2026-09-20 15:53:00,76
2026-09-20 15:58:00,73
2026-09-20 16:03:00,77
2026-09-20 16:06:00,71
2026-09-20 16:09:00,73
2026-09-20 16:15:00,73
2026-09-20 16:21:00,73
2026-09-20 16:26:00,70
2026-09-20 16:32:00,71
2026-09-20 16:38:00,71
2026-09-20 16:41:00,73
2026-09-20 16:44:00,72
2026-09-20 16:47:00,71
2026-09-20 16:52:00,74
2026-09-20 16:55:00,67
2026-09-20 17:01:00,70
2026-09-20 17:07:00,68
2026-09-20 17:10:00,68
2026-09-20 17:13:00,69
2026-09-20 17:19:00,72
2026-09-20 17:22:00,72
2026-09-20 17:27:00,70
2026-09-20 17:30:00,73
2026-09-20 17:35:00,70
2026-09-20 17:38:00,73
2026-09-20 17:44:00,68
2026-09-20 17:47:00,68
2026-09-20 17:50:00,68
2026-09-20 17:55:00,70
2026-09-20 17:58:00,71
2026-09-20 18:03:00,73
2026-09-20 18:11:00,78
2026-09-20 18:16:00,76
2026-09-20 18:21:00,75
2026-09-20 18:29:00,72
2026-09-20 18:34:00,129
2026-09-20 18:42:00,130
2026-09-20 18:49:00,125
2026-09-20 18:56:00,118
2026-09-20 19:01:00,113
2026-09-20 19:08:00,112
2026-09-20 19:15:00,114
2026-09-20 19:22:00,72
2026-09-20 19:29:00,71
2026-09-20 19:34:00,74
2026-09-20 19:39:00,74
2026-09-20 19:44:00,72
2026-09-20 19:49:00,76
2026-09-20 19:57:00,72
2026-09-20 20:05:00,71
2026-09-20 20:12:00,73
2026-09-20 20:20:00,70
2026-09-20 20:28:00,67
2026-09-20 20:33:00,69
2026-09-20 20:40:00,70
2026-09-20 20:47:00,69
2026-09-20 20:54:00,67
2026-09-20 20:59:00,64
2026-09-20 21:07:00,67
2026-09-20 21:15:00,65
2026-09-20 21:23:00,63
2026-09-20 21:30:00,66
2026-09-20 21:38:00,62
2026-09-20 21:43:00,67
2026-09-20 21:50:00,63
2026-09-20 21:57:00,62
2026-09-20 22:02:00,63
2026-09-20 22:10:00,58
2026-09-20 22:15:00,62
2026-09-20 22:23:00,59
2026-09-20 22:30:00,60
2026-09-20 22:37:00,59
2026-09-20 22:44:00,59
2026-09-20 22:51:00,65
2026-09-20 22:56:00,59
2026-09-20 23:04:00,61
2026-09-20 23:11:00,60
2026-09-20 23:16:00,59
2026-09-20 23:24:00,60
2026-09-20 23:31:00,59
2026-09-20 23:38:00,61
2026-09-20 23:43:00,57
2026-09-20 23:48:00,56
2026-09-20 23:53:00,57
2026-09-21 00:00:00,54
2026-09-21 00:08:00,49
2026-09-21 00:20:00,53
2026-09-21 00:32:00,57
2026-09-21 00:40:00,52
2026-09-21 00:52:00,51
2026-09-21 01:02:00,57
2026-09-21 01:10:00,52
2026-09-21 01:20:00,56
2026-09-21 01:32:00,53
2026-09-21 01:44:00,55
2026-09-21 01:56:00,58
2026-09-21 02:04:00,56
2026-09-21 02:16:00,57
2026-09-21 02:28:00,53
2026-09-21 02:38:00,54
2026-09-21 02:46:00,56
2026-09-21 02:54:00,52
2026-09-21 03:06:00,52
2026-09-21 03:18:00,51
2026-09-21 03:30:00,53
2026-09-21 03:38:00,55
2026-09-21 03:48:00,46
2026-09-21 03:56:00,50
2026-09-21 04:08:00,51
2026-09-21 04:18:00,50
2026-09-21 04:30:00,45
2026-09-21 04:42:00,46
2026-09-21 04:52:00,45
2026-09-21 05:02:00,44
2026-09-21 05:10:00,52
2026-09-21 05:20:00,49
2026-09-21 05:32:00,51
2026-09-21 05:42:00,48
2026-09-21 05:54:00,50
2026-09-21 06:02:00,56
2026-09-21 06:07:00,56
2026-09-21 06:12:00,60
2026-09-21 06:19:00,61
2026-09-21 06:27:00,58
2026-09-21 06:35:00,61
2026-09-21 06:43:00,60
2026-09-21 06:50:00,61
2026-09-21 06:57:00,63
2026-09-21 07:04:00,63
2026-09-21 07:12:00,61
2026-09-21 07:19:00,63
2026-09-21 07:27:00,65
2026-09-21 07:35:00,66
2026-09-21 07:43:00,66
2026-09-21 07:51:00,68
2026-09-21 07:59:00,71
2026-09-21 08:07:00,73
2026-09-21 08:12:00,70
2026-09-21 08:17:00,68
2026-09-21 08:25:00,71
2026-09-21 08:33:00,73
2026-09-21 08:38:00,70
2026-09-21 08:46:00,77
2026-09-21 08:54:00,73
2026-09-21 09:02:00,68
2026-09-21 09:08:00,72
2026-09-21 09:13:00,73
2026-09-21 09:19:00,74
2026-09-21 09:22:00,73
2026-09-21 09:25:00,73
2026-09-21 09:28:00,72
2026-09-21 09:33:00,74
2026-09-21 09:38:00,77
2026-09-21 09:44:00,72
2026-09-21 09:50:00,75
2026-09-21 09:56:00,73
2026-09-21 10:02:00,81
2026-09-21 10:07:00,74
2026-09-21 10:12:00,75
2026-09-21 10:15:00,78
2026-09-21 10:20:00,73
2026-09-21 10:26:00,72
2026-09-21 10:32:00,77
2026-09-21 10:35:00,75
2026-09-21 10:38:00,76
2026-09-21 10:41:00,77
2026-09-21 10:46:00,77
2026-09-21 10:51:00,101
2026-09-21 10:56:00,77
2026-09-21 10:59:00,73
2026-09-21 11:05:00,74
2026-09-21 11:11:00,70
2026-09-21 11:14:00,76
2026-09-21 11:19:00,72
2026-09-21 11:25:00,74
2026-09-21 11:31:00,73
2026-09-21 11:34:00,72
2026-09-21 11:39:00,75
2026-09-21 11:45:00,71
2026-09-21 11:51:00,71
2026-09-21 11:57:00,68
2026-09-21 12:00:00,68
2026-09-21 12:03:00,70
2026-09-21 12:08:00,69
2026-09-21 12:13:00,66
2026-09-21 12:18:00,69
2026-09-21 12:24:00,68
2026-09-21 12:29:00,72
2026-09-21 12:34:00,72
2026-09-21 12:37:00,69
2026-09-21 12:40:00,70
2026-09-21 12:43:00,65
2026-09-21 12:48:00,68
2026-09-21 12:51:00,64
2026-09-21 12:56:00,71
2026-09-21 12:59:00,72
2026-09-21 13:04:00,71
2026-09-21 13:07:00,67
2026-09-21 13:13:00,68
2026-09-21 13:18:00,71
2026-09-21 13:23:00,74
2026-09-21 13:29:00,71
2026-09-21 13:32:00,72
2026-09-21 13:38:00,70
2026-09-21 13:44:00,75
2026-09-21 13:50:00,74
2026-09-21 13:55:00,73
2026-09-21 14:01:00,74
2026-09-21 14:07:00,72
2026-09-21 14:13:00,72
2026-09-21 14:19:00,73
2026-09-21 14:22:00,74
2026-09-21 14:25:00,76
2026-09-21 14:30:00,74
2026-09-21 14:36:00,72
2026-09-21 14:42:00,77
2026-09-21 14:48:00,76
2026-09-21 14:51:00,74
2026-09-21 14:54:00,78
2026-09-21 15:00:00,71
2026-09-21 15:06:00,74
2026-09-21 15:12:00,74
2026-09-21 15:15:00,73
2026-09-21 15:20:00,78
2026-09-21 15:23:00,76
2026-09-21 15:29:00,77
2026-09-21 15:34:00,76
2026-09-21 15:39:00,77
2026-09-21 15:44:00,95
2026-09-21 15:47:00,78
2026-09-21 15:52:00,73
2026-09-21 15:57:00,69
2026-09-21 16:02:00,76
2026-09-21 16:07:00,75
2026-09-21 16:10:00,74
2026-09-21 16:13:00,76
2026-09-21 16:19:00,74
2026-09-21 16:22:00,69
2026-09-21 16:28:00,73
2026-09-21 16:34:00,71
2026-09-21 16:40:00,71
2026-09-21 16:43:00,74
2026-09-21 16:49:00,68
2026-09-21 16:52:00,70
2026-09-21 16:58:00,71
2026-09-21 17:01:00,67
2026-09-21 17:04:00,72
2026-09-21 17:07:00,74
2026-09-21 17:13:00,67
2026-09-21 17:16:00,70
2026-09-21 17:19:00,69
2026-09-21 17:22:00,70
2026-09-21 17:25:00,73
2026-09-21 17:30:00,67
2026-09-21 17:33:00,72
2026-09-21 17:38:00,69
2026-09-21 17:43:00,68
2026-09-21 17:48:00,69
2026-09-21 17:53:00,71
2026-09-21 17:59:00,71
2026-09-21 18:02:00,75
2026-09-21 18:09:00,72
2026-09-21 18:16:00,79
2026-09-21 18:24:00,74
2026-09-21 18:31:00,75
2026-09-21 18:36:00,77
2026-09-21 18:43:00,75
2026-09-21 18:48:00,75
2026-09-21 18:56:00,76
2026-09-21 19:04:00,71
2026-09-21 19:11:00,74
2026-09-21 19:18:00,72
2026-09-21 19:25:00,75
2026-09-21 19:32:00,76
2026-09-21 19:39:00,74
2026-09-21 19:44:00,75
2026-09-21 19:52:00,76
2026-09-21 19:57:00,76
2026-09-21 20:05:00,72
2026-09-21 20:10:00,70
2026-09-21 20:15:00,72
2026-09-21 20:23:00,68
2026-09-21 20:31:00,72
2026-09-21 20:39:00,69
2026-09-21 20:47:00,69
2026-09-21 20:54:00,67
2026-09-21 21:02:00,68
2026-09-21 21:09:00,66
2026-09-21 21:16:00,68
2026-09-21 21:24:00,68
2026-09-21 21:29:00,65
2026-09-21 21:37:00,64
2026-09-21 21:45:00,64
2026-09-21 21:53:00,67
2026-09-21 22:01:00,61
2026-09-21 22:06:00,62
2026-09-21 22:11:00,61
2026-09-21 22:16:00,64
2026-09-21 22:24:00,58
2026-09-21 22:32:00,60
2026-09-21 22:37:00,56
2026-09-21 22:42:00,59
2026-09-21 22:47:00,58
2026-09-21 22:55:00,58
2026-09-21 23:02:00,60
2026-09-21 23:10:00,60
2026-09-21 23:15:00,56
2026-09-21 23:23:00,55
2026-09-21 23:30:00,57
2026-09-21 23:35:00,55
2026-09-21 23:42:00,55
2026-09-21 23:49:00,60
2026-09-21 23:57:00,57
2026-09-22 00:00:00,53
2026-09-22 00:10:00,53
2026-09-22 00:18:00,53
2026-09-22 00:30:00,53
2026-09-22 00:42:00,55
2026-09-22 00:54:00,56
2026-09-22 01:06:00,53
2026-09-22 01:14:00,59
2026-09-22 01:26:00,56
2026-09-22 01:38:00,55
2026-09-22 01:48:00,56
2026-09-22 01:58:00,54
2026-09-22 02:10:00,54
2026-09-22 02:22:00,52
2026-09-22 02:32:00,53
2026-09-22 02:44:00,54
2026-09-22 02:54:00,51
2026-09-22 03:06:00,53
2026-09-22 03:16:00,54
2026-09-22 03:26:00,54
2026-09-22 03:36:00,50
2026-09-22 03:48:00,49
2026-09-22 03:58:00,45
2026-09-22 04:10:00,48
2026-09-22 04:18:00,46
2026-09-22 04:30:00,50
2026-09-22 04:38:00,49
2026-09-22 04:48:00,45
2026-09-22 05:00:00,46
2026-09-22 05:08:00,46
2026-09-22 05:16:00,50
2026-09-22 05:24:00,46
2026-09-22 05:32:00,50
2026-09-22 05:40:00,49
2026-09-22 05:48:00,52
2026-09-22 06:00:00,56
2026-09-22 06:05:00,52
2026-09-22 06:12:00,57
2026-09-22 06:20:00,57
2026-09-22 06:28:00,64
2026-09-22 06:33:00,59
2026-09-22 06:41:00,60
2026-09-22 06:48:00,62
2026-09-22 06:56:00,62
2026-09-22 07:04:00,64
2026-09-22 07:12:00,62
2026-09-22 07:20:00,65
2026-09-22 07:25:00,67
2026-09-22 07:33:00,67
2026-09-22 07:38:00,68
2026-09-22 07:43:00,68
2026-09-22 07:50:00,67
2026-09-22 07:57:00,67
2026-09-22 08:02:00,73
2026-09-22 08:10:00,70
2026-09-22 08:15:00,69
2026-09-22 08:23:00,75
2026-09-22 08:31:00,70
2026-09-22 08:38:00,76
2026-09-22 08:43:00,76
2026-09-22 08:51:00,73
2026-09-22 08:58:00,76
2026-09-22 09:06:00,72
2026-09-22 09:12:00,72
2026-09-22 09:15:00,74
2026-09-22 09:21:00,70
2026-09-22 09:27:00,72
2026-09-22 09:32:00,76
2026-09-22 09:35:00,73
2026-09-22 09:40:00,74
2026-09-22 09:43:00,76
2026-09-22 09:46:00,73
2026-09-22 09:49:00,107
2026-09-22 09:55:00,72
2026-09-22 09:58:00,77
2026-09-22 10:03:00,72
2026-09-22 10:06:00,79
2026-09-22 10:11:00,77
2026-09-22 10:17:00,73
2026-09-22 10:20:00,75
2026-09-22 10:23:00,76
2026-09-22 10:26:00,79
2026-09-22 10:31:00,78
2026-09-22 10:37:00,75
2026-09-22 10:42:00,72
2026-09-22 10:45:00,68
2026-09-22 10:50:00,74
2026-09-22 10:56:00,74
2026-09-22 11:01:00,71
2026-09-22 11:06:00,71
2026-09-22 11:12:00,72
2026-09-22 11:18:00,72
2026-09-22 11:23:00,71
2026-09-22 11:26:00,75
2026-09-22 11:31:00,72
2026-09-22 11:36:00,72
2026-09-22 11:41:00,70
2026-09-22 11:46:00,70
2026-09-22 11:51:00,71
2026-09-22 11:56:00,69
2026-09-22 12:02:00,71
2026-09-22 12:07:00,68
2026-09-22 12:10:00,66
2026-09-22 12:16:00,70
2026-09-22 12:19:00,68
2026-09-22 12:25:00,62
2026-09-22 12:28:00,69
2026-09-22 12:34:00,67
2026-09-22 12:40:00,69
2026-09-22 12:46:00,73
2026-09-22 12:49:00,70
2026-09-22 12:54:00,68
2026-09-22 12:57:00,71
2026-09-22 13:03:00,68
2026-09-22 13:08:00,71
2026-09-22 13:14:00,68
2026-09-22 13:17:00,68
2026-09-22 13:22:00,71
2026-09-22 13:28:00,68
2026-09-22 13:31:00,75
2026-09-22 13:36:00,70
2026-09-22 13:42:00,70
2026-09-22 13:47:00,70
2026-09-22 13:50:00,71
2026-09-22 13:55:00,74
2026-09-22 14:00:00,68
2026-09-22 14:05:00,74
2026-09-22 14:10:00,72
2026-09-22 14:16:00,74
2026-09-22 14:19:00,77
2026-09-22 14:22:00,73
2026-09-22 14:25:00,78
2026-09-22 14:30:00,76
2026-09-22 14:36:00,75
2026-09-22 14:41:00,75
2026-09-22 14:47:00,73
2026-09-22 14:53:00,76
2026-09-22 14:59:00,74
2026-09-22 15:05:00,75
2026-09-22 15:08:00,71
2026-09-22 15:13:00,76
2026-09-22 15:18:00,74
2026-09-22 15:21:00,73
2026-09-22 15:27:00,72
2026-09-22 15:33:00,73
2026-09-22 15:39:00,74
2026-09-22 15:44:00,75
2026-09-22 15:49:00,76
2026-09-22 15:54:00,73
2026-09-22 15:57:00,72
2026-09-22 16:02:00,70
2026-09-22 16:07:00,69
2026-09-22 16:12:00,70
2026-09-22 16:18:00,70
2026-09-22 16:23:00,72
2026-09-22 16:29:00,71
2026-09-22 16:34:00,72
2026-09-22 16:40:00,70
2026-09-22 16:46:00,68
2026-09-22 16:52:00,71
2026-09-22 16:57:00,68
2026-09-22 17:02:00,69
2026-09-22 17:07:00,72
2026-09-22 17:10:00,68
2026-09-22 17:13:00,69
2026-09-22 17:16:00,69
2026-09-22 17:19:00,67
2026-09-22 17:22:00,67
2026-09-22 17:25:00,73
2026-09-22 17:30:00,72
2026-09-22 17:33:00,64
2026-09-22 17:36:00,68
2026-09-22 17:41:00,69
2026-09-22 17:46:00,69
2026-09-22 17:49:00,68
2026-09-22 17:54:00,69
2026-09-22 17:57:00,69
2026-09-22 18:03:00,70
2026-09-22 18:10:00,77
2026-09-22 18:17:00,73
2026-09-22 18:22:00,73
2026-09-22 18:30:00,76
2026-09-22 18:38:00,76
2026-09-22 18:45:00,73
2026-09-22 18:50:00,74
2026-09-22 18:58:00,75
2026-09-22 19:03:00,74
2026-09-22 19:10:00,78
2026-09-22 19:17:00,74
2026-09-22 19:25:00,73
2026-09-22 19:30:00,75
2026-09-22 19:35:00,74
2026-09-22 19:43:00,71
2026-09-22 19:51:00,73
2026-09-22 19:56:00,75
2026-09-22 20:01:00,72
2026-09-22 20:08:00,71
2026-09-22 20:16:00,72
2026-09-22 20:21:00,70
2026-09-22 20:29:00,69
2026-09-22 20:37:00,67
2026-09-22 20:42:00,72
2026-09-22 20:49:00,67
2026-09-22 20:56:00,67
2026-09-22 21:03:00,66
2026-09-22 21:10:00,66
2026-09-22 21:17:00,64
2026-09-22 21:22:00,65
2026-09-22 21:29:00,63
2026-09-22 21:37:00,62
2026-09-22 21:45:00,65
2026-09-22 21:53:00,63
2026-09-22 22:00:00,62
2026-09-22 22:08:00,61
2026-09-22 22:16:00,62
2026-09-22 22:23:00,60
2026-09-22 22:30:00,56
2026-09-22 22:37:00,59
2026-09-22 22:42:00,56
2026-09-22 22:50:00,60
2026-09-22 22:55:00,56
2026-09-22 23:02:00,58
2026-09-22 23:10:00,61
2026-09-22 23:18:00,58
2026-09-22 23:26:00,56
2026-09-22 23:34:00,57
2026-09-22 23:41:00,55
2026-09-22 23:48:00,55
2026-09-22 23:55:00,57
2026-09-23 00:00:00,51
2026-09-23 00:12:00,52
2026-09-23 00:20:00,54
2026-09-23 00:28:00,52
2026-09-23 00:38:00,56
2026-09-23 00:46:00,56
2026-09-23 00:56:00,51
2026-09-23 01:08:00,55
2026-09-23 01:20:00,57
2026-09-23 01:30:00,56
2026-09-23 01:42:00,60
2026-09-23 01:50:00,56
2026-09-23 02:02:00,59
2026-09-23 02:12:00,53
2026-09-23 02:22:00,57
2026-09-23 02:34:00,55
2026-09-23 02:44:00,53
2026-09-23 02:54:00,52
2026-09-23 03:06:00,48
2026-09-23 03:16:00,50
2026-09-23 03:26:00,55
2026-09-23 03:34:00,48
2026-09-23 03:42:00,49
2026-09-23 03:50:00,46
2026-09-23 03:58:00,47
2026-09-23 04:06:00,48
2026-09-23 04:18:00,45
2026-09-23 04:26:00,46
2026-09-23 04:38:00,48
2026-09-23 04:46:00,44
2026-09-23 04:58:00,47
2026-09-23 05:08:00,45
2026-09-23 05:16:00,49
2026-09-23 05:24:00,46
2026-09-23 05:36:00,47
2026-09-23 05:46:00,47
2026-09-23 05:58:00,54
2026-09-23 06:08:00,55
2026-09-23 06:16:00,59
2026-09-23 06:23:00,57
2026-09-23 06:31:00,60
2026-09-23 06:38:00,58
2026-09-23 06:43:00,59
2026-09-23 06:51:00,61
2026-09-23 06:59:00,62
2026-09-23 07:07:00,69
2026-09-23 07:14:00,64
2026-09-23 07:21:00,64
2026-09-23 07:28:00,66
2026-09-23 07:36:00,66
2026-09-23 07:43:00,66
2026-09-23 07:48:00,69
2026-09-23 07:55:00,69
2026-09-23 08:00:00,63
2026-09-23 08:07:00,66
2026-09-23 08:15:00,70
2026-09-23 08:23:00,73
2026-09-23 08:28:00,73
2026-09-23 08:33:00,71
2026-09-23 08:38:00,77
2026-09-23 08:43:00,73
2026-09-23 08:48:00,75
2026-09-23 08:56:00,73
2026-09-23 09:03:00,71
2026-09-23 09:06:00,73
2026-09-23 09:11:00,69
2026-09-23 09:17:00,71
2026-09-23 09:20:00,76
2026-09-23 09:26:00,71
2026-09-23 09:29:00,77
2026-09-23 09:34:00,74
2026-09-23 09:37:00,77
2026-09-23 09:43:00,72
2026-09-23 09:49:00,75
2026-09-23 09:52:00,73
2026-09-23 09:58:00,74
2026-09-23 10:01:00,74
2026-09-23 10:06:00,71
2026-09-23 10:09:00,76
2026-09-23 10:14:00,76
2026-09-23 10:19:00,74
2026-09-23 10:22:00,76
2026-09-23 10:27:00,73
2026-09-23 10:30:00,74
2026-09-23 10:35:00,77
2026-09-23 10:38:00,74
2026-09-23 10:41:00,75
2026-09-23 10:46:00,73
2026-09-23 10:52:00,72
2026-09-23 10:57:00,76
2026-09-23 11:00:00,68
2026-09-23 11:03:00,68
2026-09-23 11:08:00,73
2026-09-23 11:13:00,71
2026-09-23 11:18:00,72
2026-09-23 11:24:00,72
2026-09-23 11:30:00,71
2026-09-23 11:35:00,70
2026-09-23 11:40:00,69
2026-09-23 11:45:00,70
2026-09-23 11:51:00,70
2026-09-23 11:57:00,68
2026-09-23 12:03:00,69
2026-09-23 12:08:00,68
2026-09-23 12:11:00,68
2026-09-23 12:14:00,68
2026-09-23 12:20:00,68
2026-09-23 12:23:00,73
2026-09-23 12:29:00,71
2026-09-23 12:32:00,66
2026-09-23 12:35:00,70
2026-09-23 12:41:00,69
2026-09-23 12:47:00,71
2026-09-23 12:50:00,68
2026-09-23 12:56:00,68
2026-09-23 12:59:00,71
2026-09-23 13:05:00,68
2026-09-23 13:10:00,71
2026-09-23 13:16:00,73
2026-09-23 13:19:00,66
2026-09-23 13:22:00,68
2026-09-23 13:27:00,72
2026-09-23 13:30:00,68
2026-09-23 13:35:00,66
2026-09-23 13:41:00,69
2026-09-23 13:44:00,72
2026-09-23 13:50:00,70
2026-09-23 13:56:00,69
2026-09-23 14:02:00,71
2026-09-23 14:05:00,70
2026-09-23 14:08:00,71
2026-09-23 14:11:00,72
2026-09-23 14:14:00,71
2026-09-23 14:20:00,77
2026-09-23 14:26:00,72
2026-09-23 14:31:00,75
2026-09-23 14:36:00,73
2026-09-23 14:42:00,78
2026-09-23 14:45:00,73
2026-09-23 14:48:00,73
2026-09-23 14:54:00,74
2026-09-23 15:00:00,72
2026-09-23 15:06:00,72
2026-09-23 15:09:00,72
2026-09-23 15:14:00,75
2026-09-23 15:19:00,75
2026-09-23 15:22:00,76
2026-09-23 15:25:00,74
2026-09-23 15:31:00,80
2026-09-23 15:34:00,71
2026-09-23 15:40:00,75
2026-09-23 15:45:00,72
2026-09-23 15:48:00,69
2026-09-23 15:53:00,76
2026-09-23 15:59:00,72
2026-09-23 16:05:00,71
2026-09-23 16:08:00,72
2026-09-23 16:11:00,74
2026-09-23 16:17:00,71
2026-09-23 16:22:00,70
2026-09-23 16:27:00,70
2026-09-23 16:32:00,72
2026-09-23 16:37:00,72
2026-09-23 16:40:00,68
2026-09-23 16:46:00,71
2026-09-23 16:52:00,72
2026-09-23 16:58:00,68
2026-09-23 17:03:00,69
2026-09-23 17:09:00,70
2026-09-23 17:12:00,70
2026-09-23 17:18:00,69
2026-09-23 17:21:00,69
2026-09-23 17:26:00,65
2026-09-23 17:29:00,71
2026-09-23 17:35:00,66
2026-09-23 17:38:00,71
2026-09-23 17:43:00,69
2026-09-23 17:49:00,70
2026-09-23 17:55:00,69
2026-09-23 18:00:00,71
2026-09-23 18:08:00,74
2026-09-23 18:13:00,74
2026-09-23 18:18:00,72
2026-09-23 18:23:00,72
2026-09-23 18:30:00,120
2026-09-23 18:37:00,124
2026-09-23 18:42:00,130
2026-09-23 18:50:00,122
2026-09-23 18:58:00,111
2026-09-23 19:06:00,109
2026-09-23 19:11:00,110
2026-09-23 19:19:00,72
2026-09-23 19:27:00,71
2026-09-23 19:34:00,71
2026-09-23 19:39:00,74
2026-09-23 19:44:00,74
2026-09-23 19:51:00,74
2026-09-23 19:56:00,74
2026-09-23 20:04:00,68
2026-09-23 20:12:00,73
2026-09-23 20:17:00,67
2026-09-23 20:22:00,69
2026-09-23 20:30:00,65
2026-09-23 20:37:00,65
2026-09-23 20:45:00,67
2026-09-23 20:53:00,65
2026-09-23 21:00:00,62
2026-09-23 21:08:00,64
2026-09-23 21:13:00,64
2026-09-23 21:20:00,70
2026-09-23 21:25:00,66
2026-09-23 21:32:00,64
2026-09-23 21:39:00,68
2026-09-23 21:44:00,67
2026-09-23 21:51:00,63
2026-09-23 21:59:00,64
2026-09-23 22:04:00,62
2026-09-23 22:12:00,60
2026-09-23 22:20:00,61
2026-09-23 22:28:00,58
2026-09-23 22:36:00,64
2026-09-23 22:44:00,55
2026-09-23 22:51:00,56
2026-09-23 22:58:00,56
2026-09-23 23:06:00,59
2026-09-23 23:14:00,57
2026-09-23 23:19:00,54
2026-09-23 23:27:00,55
2026-09-23 23:35:00,55
2026-09-23 23:42:00,56
2026-09-23 23:50:00,54
2026-09-23 23:55:00,50
2026-09-24 00:00:00,54
2026-09-24 00:08:00,52
2026-09-24 00:16:00,54
2026-09-24 00:28:00,49
2026-09-24 00:38:00,55
2026-09-24 00:48:00,54
2026-09-24 01:00:00,56
2026-09-24 01:08:00,54
2026-09-24 01:18:00,55
2026-09-24 01:28:00,53
2026-09-24 01:40:00,55
2026-09-24 01:52:00,55
2026-09-24 02:04:00,52
2026-09-24 02:14:00,57
2026-09-24 02:26:00,54
2026-09-24 02:34:00,52
2026-09-24 02:44:00,50
2026-09-24 02:56:00,52
2026-09-24 03:04:00,52
2026-09-24 03:16:00,51
2026-09-24 03:26:00,51
2026-09-24 03:38:00,47
2026-09-24 03:48:00,51
2026-09-24 04:00:00,49
2026-09-24 04:12:00,46
2026-09-24 04:24:00,44
2026-09-24 04:32:00,45
2026-09-24 04:40:00,46
2026-09-24 04:50:00,48
2026-09-24 04:58:00,46
2026-09-24 05:06:00,50
2026-09-24 05:16:00,47
2026-09-24 05:24:00,46
2026-09-24 05:36:00,47
2026-09-24 05:44:00,48
2026-09-24 05:54:00,47
2026-09-24 06:02:00,54
2026-09-24 06:09:00,58
2026-09-24 06:14:00,52
2026-09-24 06:21:00,59
2026-09-24 06:26:00,58
2026-09-24 06:34:00,60
2026-09-24 06:39:00,62
2026-09-24 06:44:00,59
2026-09-24 06:49:00,62
2026-09-24 06:56:00,61
2026-09-24 07:03:00,62
2026-09-24 07:10:00,60
2026-09-24 07:17:00,64
2026-09-24 07:22:00,63
2026-09-24 07:30:00,66
2026-09-24 07:38:00,65
2026-09-24 07:43:00,63
2026-09-24 07:50:00,70
2026-09-24 07:55:00,67
2026-09-24 08:00:00,68
2026-09-24 08:08:00,66
2026-09-24 08:13:00,73
2026-09-24 08:18:00,70
2026-09-24 08:26:00,67
2026-09-24 08:31:00,71
2026-09-24 08:39:00,68
2026-09-24 08:44:00,73
2026-09-24 08:51:00,75
2026-09-24 08:59:00,74
2026-09-24 09:06:00,68
2026-09-24 09:11:00,74
2026-09-24 09:16:00,71
2026-09-24 09:19:00,71
2026-09-24 09:24:00,77
2026-09-24 09:29:00,71
2026-09-24 09:32:00,71
2026-09-24 09:37:00,72
2026-09-24 09:40:00,72
2026-09-24 09:43:00,71
2026-09-24 09:48:00,72
2026-09-24 09:54:00,73
2026-09-24 10:00:00,75
2026-09-24 10:06:00,74
2026-09-24 10:09:00,71
2026-09-24 10:12:00,70
2026-09-24 10:18:00,75
2026-09-24 10:24:00,74
2026-09-24 10:29:00,78
2026-09-24 10:35:00,72
2026-09-24 10:40:00,70
2026-09-24 10:45:00,75
2026-09-24 10:48:00,74
2026-09-24 10:51:00,73
2026-09-24 10:56:00,73
2026-09-24 11:02:00,74
2026-09-24 11:07:00,73
2026-09-24 11:12:00,72
2026-09-24 11:17:00,73
2026-09-24 11:22:00,70
2026-09-24 11:27:00,68
2026-09-24 11:32:00,71
2026-09-24 11:37:00,73
2026-09-24 11:40:00,67
2026-09-24 11:46:00,70
2026-09-24 11:51:00,72
2026-09-24 11:54:00,74
2026-09-24 11:57:00,69
2026-09-24 12:03:00,66
2026-09-24 12:08:00,70
2026-09-24 12:11:00,64
2026-09-24 12:17:00,66
2026-09-24 12:20:00,68
2026-09-24 12:26:00,69
2026-09-24 12:29:00,66
2026-09-24 12:35:00,73
2026-09-24 12:40:00,99
2026-09-24 12:46:00,68
2026-09-24 12:51:00,67
2026-09-24 12:57:00,69
2026-09-24 13:00:00,66
2026-09-24 13:05:00,66
2026-09-24 13:08:00,67
2026-09-24 13:14:00,69
2026-09-24 13:19:00,70
2026-09-24 13:22:00,68
2026-09-24 13:27:00,71
2026-09-24 13:32:00,73
2026-09-24 13:38:00,70
2026-09-24 13:41:00,71
2026-09-24 13:46:00,70
2026-09-24 13:49:00,73
2026-09-24 13:54:00,69
2026-09-24 13:59:00,69
2026-09-24 14:04:00,71
2026-09-24 14:09:00,68
2026-09-24 14:14:00,70
2026-09-24 14:17:00,70
2026-09-24 14:22:00,72
2026-09-24 14:25:00,68
2026-09-24 14:31:00,70
2026-09-24 14:34:00,75
2026-09-24 14:40:00,71
2026-09-24 14:45:00,72
2026-09-24 14:48:00,73
2026-09-24 14:54:00,71
2026-09-24 15:00:00,71
2026-09-24 15:05:00,76
2026-09-24 15:10:00,74
2026-09-24 15:15:00,77
2026-09-24 15:20:00,73
2026-09-24 15:25:00,73
2026-09-24 15:31:00,70
2026-09-24 15:37:00,73
2026-09-24 15:43:00,73
2026-09-24 15:48:00,71
2026-09-24 15:54:00,72
2026-09-24 15:57:00,71
2026-09-24 16:02:00,70
2026-09-24 16:07:00,74
2026-09-24 16:10:00,69
2026-09-24 16:16:00,70
2026-09-24 16:19:00,68
2026-09-24 16:25:00,73
2026-09-24 16:30:00,69
2026-09-24 16:33:00,70
2026-09-24 16:38:00,72
2026-09-24 16:44:00,67
2026-09-24 16:50:00,71
2026-09-24 16:53:00,67
2026-09-24 16:58:00,72
2026-09-24 17:04:00,67
2026-09-24 17:10:00,68
2026-09-24 17:15:00,67
2026-09-24 17:20:00,70
2026-09-24 17:23:00,70
2026-09-24 17:29:00,67
2026-09-24 17:35:00,68
2026-09-24 17:40:00,66
2026-09-24 17:46:00,68
2026-09-24 17:52:00,65
2026-09-24 17:55:00,69
2026-09-24 18:01:00,75
2026-09-24 18:09:00,73
2026-09-24 18:14:00,72
2026-09-24 18:19:00,75
2026-09-24 18:27:00,74
2026-09-24 18:32:00,72
2026-09-24 18:40:00,74
2026-09-24 18:45:00,77
2026-09-24 18:53:00,76
2026-09-24 19:01:00,76
2026-09-24 19:06:00,72
2026-09-24 19:14:00,75
2026-09-24 19:19:00,74
2026-09-24 19:26:00,73
2026-09-24 19:34:00,70
2026-09-24 19:39:00,72
2026-09-24 19:44:00,71
2026-09-24 19:51:00,76
2026-09-24 19:59:00,71
2026-09-24 20:06:00,67
2026-09-24 20:13:00,65
2026-09-24 20:20:00,68
2026-09-24 20:27:00,68
2026-09-24 20:32:00,62
2026-09-24 20:39:00,71
2026-09-24 20:46:00,67
2026-09-24 20:53:00,67
2026-09-24 20:58:00,63
2026-09-24 21:06:00,67
2026-09-24 21:11:00,63
2026-09-24 21:16:00,64
2026-09-24 21:24:00,66
2026-09-24 21:32:00,66
2026-09-24 21:39:00,65
2026-09-24 21:44:00,64
2026-09-24 21:52:00,63
2026-09-24 21:59:00,62
2026-09-24 22:06:00,58
2026-09-24 22:11:00,58
2026-09-24 22:16:00,57
2026-09-24 22:24:00,59
2026-09-24 22:31:00,55
2026-09-24 22:38:00,56
2026-09-24 22:45:00,53
2026-09-24 22:52:00,59
2026-09-24 22:57:00,57
2026-09-24 23:05:00,59
2026-09-24 23:13:00,58
2026-09-24 23:20:00,58
2026-09-24 23:27:00,55
2026-09-24 23:34:00,54
2026-09-24 23:42:00,58
2026-09-24 23:50:00,57
2026-09-24 23:57:00,57
2026-09-25 00:00:00,47
2026-09-25 00:10:00,51
2026-09-25 00:22:00,54
2026-09-25 00:32:00,53
2026-09-25 00:44:00,56
2026-09-25 00:52:00,52
2026-09-25 01:04:00,51
2026-09-25 01:16:00,54
2026-09-25 01:26:00,53
2026-09-25 01:34:00,53
2026-09-25 01:42:00,51
2026-09-25 01:52:00,56
2026-09-25 02:02:00,55
2026-09-25 02:12:00,49
2026-09-25 02:22:00,52
2026-09-25 02:32:00,53
2026-09-25 02:40:00,52
2026-09-25 02:52:00,50
2026-09-25 03:00:00,51
2026-09-25 03:12:00,45
2026-09-25 03:24:00,48
2026-09-25 03:36:00,48
2026-09-25 03:44:00,46
2026-09-25 03:52:00,47
2026-09-25 04:00:00,44
2026-09-25 04:08:00,49
2026-09-25 04:18:00,45
2026-09-25 04:26:00,46
2026-09-25 04:38:00,46
2026-09-25 04:50:00,49
2026-09-25 04:58:00,44
2026-09-25 05:06:00,43
2026-09-25 05:16:00,44
2026-09-25 05:24:00,49
2026-09-25 05:32:00,49
2026-09-25 05:44:00,49
2026-09-25 05:52:00,49
2026-09-25 06:02:00,54
2026-09-25 06:10:00,54
2026-09-25 06:18:00,55
2026-09-25 06:26:00,57
2026-09-25 06:31:00,56
2026-09-25 06:36:00,57
2026-09-25 06:41:00,61
2026-09-25 06:48:00,62
2026-09-25 06:56:00,58
2026-09-25 07:03:00,61
2026-09-25 07:11:00,65
2026-09-25 07:16:00,65
2026-09-25 07:24:00,62
2026-09-25 07:32:00,65
2026-09-25 07:39:00,66
2026-09-25 07:44:00,65
2026-09-25 07:49:00,63
2026-09-25 07:57:00,63
2026-09-25 08:04:00,69
2026-09-25 08:12:00,65
2026-09-25 08:20:00,70
2026-09-25 08:25:00,73
2026-09-25 08:33:00,66
2026-09-25 08:40:00,74
2026-09-25 08:48:00,73
2026-09-25 08:56:00,73
2026-09-25 09:03:00,68
2026-09-25 09:09:00,68
2026-09-25 09:14:00,73
2026-09-25 09:20:00,73
2026-09-25 09:23:00,68
2026-09-25 09:29:00,72
2026-09-25 09:32:00,74
2026-09-25 09:35:00,75
2026-09-25 09:40:00,75
2026-09-25 09:43:00,73
2026-09-25 09:48:00,74
2026-09-25 09:53:00,69
2026-09-25 09:56:00,75
2026-09-25 09:59:00,76
2026-09-25 10:04:00,72
2026-09-25 10:07:00,70
2026-09-25 10:12:00,71
2026-09-25 10:18:00,76
2026-09-25 10:23:00,74
2026-09-25 10:26:00,71
2026-09-25 10:29:00,74
2026-09-25 10:35:00,72
2026-09-25 10:41:00,71
2026-09-25 10:46:00,73
2026-09-25 10:51:00,75
2026-09-25 10:54:00,72
2026-09-25 10:59:00,73
2026-09-25 11:04:00,73
2026-09-25 11:09:00,73
2026-09-25 11:15:00,69
2026-09-25 11:21:00,66
2026-09-25 11:24:00,69
2026-09-25 11:27:00,69
2026-09-25 11:32:00,66
2026-09-25 11:35:00,72
2026-09-25 11:40:00,67
2026-09-25 11:43:00,75
2026-09-25 11:46:00,71
2026-09-25 11:52:00,65
2026-09-25 11:55:00,71
2026-09-25 12:01:00,71
2026-09-25 12:06:00,70
2026-09-25 12:12:00,67
2026-09-25 12:15:00,70
2026-09-25 12:18:00,66
2026-09-25 12:24:00,63
2026-09-25 12:30:00,69
2026-09-25 12:35:00,70
2026-09-25 12:38:00,67
2026-09-25 12:43:00,67
2026-09-25 12:49:00,69
2026-09-25 12:55:00,68
2026-09-25 13:00:00,68
2026-09-25 13:06:00,64
2026-09-25 13:09:00,73
2026-09-25 13:14:00,70
2026-09-25 13:20:00,66
2026-09-25 13:23:00,71
2026-09-25 13:28:00,72
2026-09-25 13:34:00,70
2026-09-25 13:37:00,71
2026-09-25 13:42:00,71
2026-09-25 13:48:00,70
2026-09-25 13:54:00,69
2026-09-25 13:59:00,70
2026-09-25 14:05:00,72
2026-09-25 14:10:00,74
2026-09-25 14:16:00,74
2026-09-25 14:22:00,70
2026-09-25 14:27:00,75
2026-09-25 14:33:00,73
2026-09-25 14:36:00,72
2026-09-25 14:41:00,74
2026-09-25 14:46:00,73
2026-09-25 14:49:00,74
2026-09-25 14:54:00,78
2026-09-25 14:57:00,74
2026-09-25 15:03:00,74
2026-09-25 15:08:00,77
2026-09-25 15:11:00,75
2026-09-25 15:14:00,71
2026-09-25 15:20:00,74
2026-09-25 15:26:00,71
2026-09-25 15:31:00,68
2026-09-25 15:36:00,73
2026-09-25 15:42:00,71
2026-09-25 15:47:00,72
2026-09-25 15:52:00,71
2026-09-25 15:57:00,73
2026-09-25 16:00:00,73
2026-09-25 16:03:00,70
2026-09-25 16:09:00,69
2026-09-25 16:12:00,68
2026-09-25 16:17:00,71
2026-09-25 16:20:00,71
2026-09-25 16:23:00,69
2026-09-25 16:28:00,70
2026-09-25 16:31:00,69
2026-09-25 16:36:00,72
2026-09-25 16:41:00,73
2026-09-25 16:47:00,67
2026-09-25 16:52:00,72
2026-09-25 16:58:00,69
2026-09-25 17:04:00,66
2026-09-25 17:07:00,65
2026-09-25 17:10:00,67
2026-09-25 17:15:00,68
2026-09-25 17:18:00,67
2026-09-25 17:24:00,69
2026-09-25 17:30:00,66
2026-09-25 17:33:00,73
2026-09-25 17:38:00,65
2026-09-25 17:43:00,66
2026-09-25 17:48:00,67
2026-09-25 17:54:00,66
2026-09-25 17:57:00,69
2026-09-25 18:00:00,71
2026-09-25 18:07:00,74
2026-09-25 18:15:00,73
2026-09-25 18:20:00,76
2026-09-25 18:28:00,73
2026-09-25 18:35:00,70
2026-09-25 18:43:00,72
2026-09-25 18:50:00,70
2026-09-25 18:58:00,73
2026-09-25 19:06:00,73
2026-09-25 19:13:00,73
2026-09-25 19:21:00,72
2026-09-25 19:29:00,74
2026-09-25 19:36:00,73
2026-09-25 19:43:00,73
2026-09-25 19:50:00,74
2026-09-25 19:58:00,73
2026-09-25 20:03:00,72
2026-09-25 20:10:00,63
2026-09-25 20:18:00,67
2026-09-25 20:25:00,66
2026-09-25 20:33:00,69
2026-09-25 20:40:00,66
2026-09-25 20:45:00,66
2026-09-25 20:52:00,69
2026-09-25 20:59:00,64
2026-09-25 21:06:00,62
2026-09-25 21:11:00,61
2026-09-25 21:18:00,61
2026-09-25 21:23:00,64
2026-09-25 21:28:00,65
2026-09-25 21:33:00,65
2026-09-25 21:38:00,63
2026-09-25 21:46:00,60
2026-09-25 21:54:00,64
2026-09-25 22:01:00,56
2026-09-25 22:08:00,59
2026-09-25 22:16:00,56
2026-09-25 22:24:00,59
2026-09-25 22:32:00,57
2026-09-25 22:40:00,58
2026-09-25 22:45:00,58
2026-09-25 22:53:00,56
2026-09-25 22:58:00,57
2026-09-25 23:05:00,52
2026-09-25 23:12:00,51
2026-09-25 23:17:00,55
2026-09-25 23:24:00,58
2026-09-25 23:29:00,56
2026-09-25 23:37:00,58
2026-09-25 23:42:00,55
2026-09-25 23:50:00,52
2026-09-25 23:57:00,55
2026-09-26 00:00:00,48
2026-09-26 00:12:00,48
2026-09-26 00:24:00,53
2026-09-26 00:34:00,54
2026-09-26 00:42:00,52
2026-09-26 00:52:00,48
2026-09-26 01:02:00,55
2026-09-26 01:10:00,53
2026-09-26 01:18:00,56
2026-09-26 01:26:00,50
2026-09-26 01:38:00,51
2026-09-26 01:50:00,52
2026-09-26 02:02:00,50
2026-09-26 02:10:00,52
2026-09-26 02:20:00,52
2026-09-26 02:28:00,50
2026-09-26 02:36:00,52
2026-09-26 02:46:00,53
2026-09-26 02:54:00,46
2026-09-26 03:06:00,50
2026-09-26 03:18:00,47
2026-09-26 03:30:00,52
2026-09-26 03:40:00,48
2026-09-26 03:48:00,48
2026-09-26 03:56:00,45
2026-09-26 04:04:00,47
2026-09-26 04:14:00,47
2026-09-26 04:22:00,44
2026-09-26 04:32:00,42
2026-09-26 04:40:00,46
2026-09-26 04:48:00,42
2026-09-26 04:56:00,48
2026-09-26 05:04:00,48
2026-09-26 05:16:00,47
2026-09-26 05:28:00,47
2026-09-26 05:38:00,50
2026-09-26 05:46:00,49
2026-09-26 05:54:00,49
2026-09-26 06:02:00,54
2026-09-26 06:07:00,55
2026-09-26 06:12:00,55
2026-09-26 06:17:00,61
2026-09-26 06:25:00,55
2026-09-26 06:32:00,59
2026-09-26 06:39:00,60
2026-09-26 06:47:00,59
2026-09-26 06:55:00,63
2026-09-26 07:00:00,61
2026-09-26 07:08:00,58
2026-09-26 07:16:00,63
2026-09-26 07:21:00,62
2026-09-26 07:29:00,64
2026-09-26 07:34:00,64
2026-09-26 07:39:00,66
2026-09-26 07:47:00,63
2026-09-26 07:55:00,67
2026-09-26 08:03:00,70
2026-09-26 08:08:00,70
2026-09-26 08:13:00,62
2026-09-26 08:20:00,66
2026-09-26 08:25:00,69
2026-09-26 08:32:00,67
2026-09-26 08:37:00,71
2026-09-26 08:44:00,70
2026-09-26 08:51:00,69
2026-09-26 08:56:00,71
2026-09-26 09:01:00,70
2026-09-26 09:06:00,72
2026-09-26 09:12:00,70
2026-09-26 09:18:00,74
2026-09-26 09:23:00,73
2026-09-26 09:28:00,74
2026-09-26 09:33:00,71
2026-09-26 09:36:00,72
2026-09-26 09:42:00,72
2026-09-26 09:47:00,73
2026-09-26 09:50:00,71
2026-09-26 09:55:00,73
2026-09-26 10:00:00,70
2026-09-26 10:03:00,73
2026-09-26 10:09:00,69
2026-09-26 10:15:00,70
2026-09-26 10:21:00,75
2026-09-26 10:26:00,72
2026-09-26 10:32:00,71
2026-09-26 10:37:00,73
2026-09-26 10:40:00,73
2026-09-26 10:43:00,74
2026-09-26 10:48:00,71
2026-09-26 10:54:00,72
2026-09-26 10:59:00,71
2026-09-26 11:05:00,69
2026-09-26 11:10:00,68
2026-09-26 11:15:00,70
2026-09-26 11:21:00,69
2026-09-26 11:26:00,68
2026-09-26 11:29:00,71
2026-09-26 11:34:00,70
2026-09-26 11:37:00,67
2026-09-26 11:43:00,68
2026-09-26 11:48:00,65
2026-09-26 11:51:00,67
2026-09-26 11:56:00,65
2026-09-26 12:01:00,65
2026-09-26 12:04:00,69
2026-09-26 12:09:00,67
2026-09-26 12:14:00,67
2026-09-26 12:20:00,66
2026-09-26 12:25:00,66
2026-09-26 12:31:00,69
2026-09-26 12:34:00,66
2026-09-26 12:37:00,66
2026-09-26 12:40:00,67
2026-09-26 12:46:00,68
2026-09-26 12:51:00,69
2026-09-26 12:54:00,68
2026-09-26 12:59:00,66
2026-09-26 13:05:00,65
2026-09-26 13:08:00,68
2026-09-26 13:14:00,66
2026-09-26 13:19:00,66
2026-09-26 13:25:00,66
2026-09-26 13:31:00,67
2026-09-26 13:36:00,69
2026-09-26 13:42:00,65
2026-09-26 13:48:00,71
2026-09-26 13:53:00,69
2026-09-26 13:56:00,67
2026-09-26 13:59:00,68
2026-09-26 14:04:00,71
2026-09-26 14:10:00,74
2026-09-26 14:16:00,68
2026-09-26 14:22:00,72
2026-09-26 14:25:00,68
2026-09-26 14:30:00,73
2026-09-26 14:33:00,74
2026-09-26 14:39:00,70
2026-09-26 14:42:00,72
2026-09-26 14:48:00,75
2026-09-26 14:54:00,72
2026-09-26 14:59:00,72
2026-09-26 15:02:00,72
2026-09-26 15:05:00,69
2026-09-26 15:10:00,73
2026-09-26 15:13:00,71
2026-09-26 15:18:00,72
2026-09-26 15:23:00,74
2026-09-26 15:26:00,71
2026-09-26 15:29:00,74
2026-09-26 15:34:00,72
2026-09-26 15:37:00,72
2026-09-26 15:42:00,75
2026-09-26 15:45:00,72
2026-09-26 15:48:00,71
2026-09-26 15:51:00,72
2026-09-26 15:56:00,75
2026-09-26 16:02:00,73
2026-09-26 16:08:00,69
2026-09-26 16:11:00,64
2026-09-26 16:17:00,71
2026-09-26 16:23:00,68
2026-09-26 16:26:00,67
2026-09-26 16:29:00,72
2026-09-26 16:35:00,69
2026-09-26 16:41:00,67
2026-09-26 16:44:00,67
2026-09-26 16:49:00,70
2026-09-26 16:54:00,66
2026-09-26 17:00:00,69
2026-09-26 17:06:00,69
2026-09-26 17:11:00,66
2026-09-26 17:17:00,69
2026-09-26 17:22:00,66
2026-09-26 17:28:00,67
2026-09-26 17:31:00,65
2026-09-26 17:37:00,64
2026-09-26 17:43:00,70
2026-09-26 17:46:00,63
2026-09-26 17:49:00,70
2026-09-26 17:54:00,70
2026-09-26 17:59:00,66
2026-09-26 18:04:00,74
2026-09-26 18:09:00,70
2026-09-26 18:17:00,72
2026-09-26 18:24:00,70
2026-09-26 18:29:00,69
2026-09-26 18:36:00,124
2026-09-26 18:43:00,122
2026-09-26 18:51:00,122
2026-09-26 18:56:00,112
2026-09-26 19:01:00,105
2026-09-26 19:08:00,104
2026-09-26 19:15:00,111
2026-09-26 19:23:00,71
2026-09-26 19:30:00,71
2026-09-26 19:35:00,69
2026-09-26 19:43:00,69
2026-09-26 19:51:00,73
2026-09-26 19:56:00,71
2026-09-26 20:03:00,66
2026-09-26 20:10:00,66
2026-09-26 20:15:00,66
2026-09-26 20:23:00,62
2026-09-26 20:31:00,68
2026-09-26 20:36:00,63
2026-09-26 20:43:00,62
2026-09-26 20:50:00,65
2026-09-26 20:57:00,63
2026-09-26 21:02:00,60
2026-09-26 21:09:00,66
2026-09-26 21:14:00,65
2026-09-26 21:21:00,68
2026-09-26 21:28:00,61
2026-09-26 21:33:00,67
2026-09-26 21:38:00,61
2026-09-26 21:46:00,59
2026-09-26 21:54:00,58
2026-09-26 22:01:00,57
2026-09-26 22:06:00,61
2026-09-26 22:11:00,55
2026-09-26 22:18:00,55
2026-09-26 22:23:00,58
2026-09-26 22:28:00,56
2026-09-26 22:36:00,59
2026-09-26 22:41:00,56
2026-09-26 22:48:00,54
2026-09-26 22:56:00,55
2026-09-26 23:01:00,59
2026-09-26 23:06:00,54
2026-09-26 23:13:00,55
2026-09-26 23:20:00,52
2026-09-26 23:27:00,49
2026-09-26 23:32:00,50
2026-09-26 23:39:00,53
2026-09-26 23:47:00,52
2026-09-26 23:54:00,59
2026-09-26 23:59:00,54
2026-09-27 00:00:00,47
2026-09-27 00:12:00,50
2026-09-27 00:24:00,50
2026-09-27 00:36:00,50
2026-09-27 00:46:00,56
2026-09-27 00:54:00,47
2026-09-27 01:04:00,53
2026-09-27 01:16:00,55
2026-09-27 01:26:00,52
2026-09-27 01:38:00,52
2026-09-27 01:50:00,57
2026-09-27 01:58:00,54
2026-09-27 02:08:00,57
2026-09-27 02:18:00,52
2026-09-27 02:30:00,51
2026-09-27 02:42:00,50
2026-09-27 02:52:00,48
2026-09-27 03:04:00,48
2026-09-27 03:14:00,44
2026-09-27 03:26:00,52
2026-09-27 03:38:00,45
2026-09-27 03:46:00,45
2026-09-27 03:58:00,50
2026-09-27 04:08:00,43
2026-09-27 04:16:00,44
2026-09-27 04:24:00,47
2026-09-27 04:32:00,45
2026-09-27 04:42:00,45
2026-09-27 04:50:00,48
2026-09-27 05:00:00,42
2026-09-27 05:12:00,47
2026-09-27 05:22:00,45
2026-09-27 05:32:00,48
2026-09-27 05:44:00,42
2026-09-27 05:56:00,46
2026-09-27 06:06:00,55
2026-09-27 06:14:00,55
2026-09-27 06:21:00,54
2026-09-27 06:29:00,57
2026-09-27 06:37:00,57
2026-09-27 06:42:00,58
2026-09-27 06:47:00,59
2026-09-27 06:54:00,58
2026-09-27 06:59:00,57
2026-09-27 07:06:00,54
2026-09-27 07:11:00,63
2026-09-27 07:19:00,61
2026-09-27 07:26:00,63
2026-09-27 07:34:00,64
2026-09-27 07:39:00,64
2026-09-27 07:46:00,66
2026-09-27 07:51:00,62
2026-09-27 07:58:00,68
2026-09-27 08:06:00,64
2026-09-27 08:14:00,64
2026-09-27 08:19:00,67
2026-09-27 08:26:00,68
2026-09-27 08:31:00,71
2026-09-27 08:36:00,73
2026-09-27 08:43:00,70
2026-09-27 08:51:00,68
2026-09-27 08:56:00,73
2026-09-27 09:01:00,72
2026-09-27 09:06:00,71
2026-09-27 09:12:00,69
2026-09-27 09:18:00,70
2026-09-27 09:21:00,70
2026-09-27 09:26:00,67
2026-09-27 09:32:00,70
2026-09-27 09:35:00,75
2026-09-27 09:41:00,70
2026-09-27 09:47:00,72
2026-09-27 09:52:00,72
2026-09-27 09:55:00,70
2026-09-27 10:01:00,68
2026-09-27 10:06:00,73
2026-09-27 10:11:00,70
2026-09-27 10:17:00,68
2026-09-27 10:23:00,69
2026-09-27 10:28:00,72
2026-09-27 10:33:00,70
2026-09-27 10:38:00,70
2026-09-27 10:43:00,69
2026-09-27 10:49:00,71
2026-09-27 10:55:00,70
2026-09-27 11:00:00,69
2026-09-27 11:05:00,73
2026-09-27 11:10:00,69
2026-09-27 11:15:00,67
2026-09-27 11:21:00,68
2026-09-27 11:24:00,71
2026-09-27 11:30:00,70
2026-09-27 11:36:00,70
2026-09-27 11:41:00,69
2026-09-27 11:44:00,68
2026-09-27 11:49:00,69
2026-09-27 11:52:00,65
2026-09-27 11:58:00,65
2026-09-27 12:04:00,70
2026-09-27 12:09:00,64
2026-09-27 12:12:00,66
2026-09-27 12:18:00,69
2026-09-27 12:23:00,69
2026-09-27 12:26:00,66
2026-09-27 12:31:00,64
2026-09-27 12:37:00,64
2026-09-27 12:43:00,64
2026-09-27 12:49:00,63
2026-09-27 12:54:00,67
2026-09-27 12:57:00,66
2026-09-27 13:00:00,67
2026-09-27 13:03:00,69
2026-09-27 13:09:00,65
2026-09-27 13:15:00,66
2026-09-27 13:20:00,67
2026-09-27 13:25:00,68
2026-09-27 13:31:00,69
2026-09-27 13:36:00,65
2026-09-27 13:39:00,71
2026-09-27 13:44:00,68
2026-09-27 13:50:00,68
2026-09-27 13:55:00,66
2026-09-27 14:01:00,66
2026-09-27 14:04:00,70
2026-09-27 14:10:00,70
2026-09-27 14:15:00,70
2026-09-27 14:21:00,68
2026-09-27 14:24:00,67
2026-09-27 14:27:00,71
2026-09-27 14:33:00,71
2026-09-27 14:38:00,71
2026-09-27 14:43:00,73
2026-09-27 14:49:00,71
2026-09-27 14:55:00,69
2026-09-27 15:00:00,73
2026-09-27 15:05:00,69
2026-09-27 15:11:00,73
2026-09-27 15:16:00,69
2026-09-27 15:21:00,72
2026-09-27 15:24:00,72
2026-09-27 15:30:00,70
2026-09-27 15:35:00,71
2026-09-27 15:41:00,70
2026-09-27 15:44:00,74
2026-09-27 15:47:00,73
2026-09-27 15:53:00,71
2026-09-27 15:59:00,70
2026-09-27 16:05:00,71
2026-09-27 16:10:00,71
2026-09-27 16:16:00,71
2026-09-27 16:22:00,70
2026-09-27 16:25:00,67
2026-09-27 16:30:00,68
2026-09-27 16:33:00,65
2026-09-27 16:36:00,68
2026-09-27 16:39:00,68
2026-09-27 16:42:00,66
2026-09-27 16:45:00,63
2026-09-27 16:50:00,64
2026-09-27 16:53:00,70
2026-09-27 16:56:00,66
2026-09-27 17:01:00,66
2026-09-27 17:06:00,66
2026-09-27 17:12:00,69
2026-09-27 17:17:00,66
2026-09-27 17:23:00,63
2026-09-27 17:26:00,64
2026-09-27 17:31:00,67
2026-09-27 17:37:00,62
2026-09-27 17:42:00,67
2026-09-27 17:48:00,63
2026-09-27 17:51:00,72
2026-09-27 17:54:00,64
2026-09-27 17:59:00,64
2026-09-27 18:05:00,75
2026-09-27 18:13:00,70
2026-09-27 18:21:00,67
2026-09-27 18:28:00,73
2026-09-27 18:36:00,73
2026-09-27 18:44:00,68
2026-09-27 18:51:00,72
2026-09-27 18:58:00,71
2026-09-27 19:06:00,74
2026-09-27 19:14:00,69
2026-09-27 19:21:00,71
2026-09-27 19:29:00,73
2026-09-27 19:37:00,69
2026-09-27 19:45:00,71
2026-09-27 19:53:00,71
2026-09-27 20:00:00,62
2026-09-27 20:05:00,64
2026-09-27 20:10:00,66
2026-09-27 20:18:00,68
2026-09-27 20:26:00,64
2026-09-27 20:34:00,66
2026-09-27 20:41:00,67
2026-09-27 20:48:00,63
2026-09-27 20:56:00,66
2026-09-27 21:01:00,66
2026-09-27 21:06:00,62
2026-09-27 21:13:00,64
2026-09-27 21:18:00,61
2026-09-27 21:25:00,63
2026-09-27 21:33:00,62
2026-09-27 21:40:00,60
2026-09-27 21:47:00,60
2026-09-27 21:52:00,63
2026-09-27 22:00:00,56
2026-09-27 22:08:00,58
2026-09-27 22:16:00,56
2026-09-27 22:21:00,59
2026-09-27 22:29:00,55
2026-09-27 22:37:00,53
2026-09-27 22:45:00,55
2026-09-27 22:52:00,54
2026-09-27 22:59:00,58
2026-09-27 23:07:00,53
2026-09-27 23:15:00,51
2026-09-27 23:23:00,54
2026-09-27 23:31:00,56
2026-09-27 23:39:00,54
2026-09-27 23:44:00,51
2026-09-27 23:49:00,52
2026-09-27 23:54:00,49
2026-09-27 23:59:00,57
