Date,Heart Rate (count/min)
2026-09-18 00:00:00,50
2026-09-18 00:08:00,53
2026-09-18 00:16:00,51
2026-09-18 00:24:00,55
2026-09-18 00:36:00,59
2026-09-18 00:44:00,53
2026-09-18 00:52:00,55
2026-09-18 01:04:00,55
2026-09-18 01:16:00,59
2026-09-18 01:28:00,57
2026-09-18 01:38:00,61
2026-09-18 01:50:00,56
2026-09-18 02:02:00,58
2026-09-18 02:10:00,60
2026-09-18 02:22:00,54
2026-09-18 02:30:00,53
2026-09-18 02:42:00,51
2026-09-18 02:50:00,57
2026-09-18 03:00:00,52
2026-09-18 03:12:00,51
2026-09-18 03:22:00,49
2026-09-18 03:32:00,52
2026-09-18 03:42:00,53
2026-09-18 03:50:00,49
2026-09-18 03:58:00,53
2026-09-18 04:08:00,44
2026-09-18 04:16:00,46
2026-09-18 04:28:00,49
2026-09-18 04:40:00,50
2026-09-18 04:48:00,45
2026-09-18 04:58:00,44
2026-09-18 05:08:00,45
2026-09-18 05:16:00,48
2026-09-18 05:24:00,47
2026-09-18 05:34:00,52
2026-09-18 05:42:00,51
2026-09-18 05:50:00,54
2026-09-18 06:02:00,55
2026-09-18 06:10:00,57
2026-09-18 06:17:00,59
2026-09-18 06:24:00,60
2026-09-18 06:29:00,67
2026-09-18 06:37:00,67
2026-09-18 06:44:00,61
2026-09-18 06:49:00,59
2026-09-18 06:56:00,59
2026-09-18 07:01:00,62
2026-09-18 07:08:00,62
2026-09-18 07:15:00,64
2026-09-18 07:22:00,63
2026-09-18 07:29:00,66
2026-09-18 07:34:00,63
2026-09-18 07:42:00,68
2026-09-18 07:47:00,68
2026-09-18 07:54:00,69
2026-09-18 07:59:00,70
2026-09-18 08:07:00,71
2026-09-18 08:15:00,70
2026-09-18 08:23:00,70
2026-09-18 08:28:00,72
2026-09-18 08:35:00,76
2026-09-18 08:40:00,68
2026-09-18 08:47:00,72
2026-09-18 08:54:00,75
2026-09-18 09:01:00,70
2026-09-18 09:07:00,73
2026-09-18 09:12:00,71
2026-09-18 09:15:00,78
2026-09-18 09:20:00,69
2026-09-18 09:23:00,72
2026-09-18 09:26:00,71
2026-09-18 09:31:00,74
2026-09-18 09:37:00,74
2026-09-18 09:43:00,73
2026-09-18 09:46:00,72
2026-09-18 09:51:00,104
2026-09-18 09:54:00,75
2026-09-18 09:59:00,76
2026-09-18 10:04:00,72
2026-09-18 10:07:00,75
2026-09-18 10:10:00,78
2026-09-18 10:15:00,80
2026-09-18 10:20:00,78
2026-09-18 10:25:00,73
2026-09-18 10:31:00,71
2026-09-18 10:37:00,77
2026-09-18 10:43:00,76
2026-09-18 10:49:00,90
2026-09-18 10:55:00,74
2026-09-18 11:00:00,75
2026-09-18 11:03:00,73
2026-09-18 11:09:00,76
2026-09-18 11:14:00,71
2026-09-18 11:19:00,75
2026-09-18 11:25:00,76
2026-09-18 11:28:00,74
2026-09-18 11:34:00,68
2026-09-18 11:37:00,73
2026-09-18 11:43:00,69
2026-09-18 11:49:00,74
2026-09-18 11:55:00,70
2026-09-18 12:01:00,66
2026-09-18 12:06:00,72
2026-09-18 12:11:00,67
2026-09-18 12:17:00,72
2026-09-18 12:20:00,66
2026-09-18 12:25:00,74
2026-09-18 12:30:00,72
2026-09-18 12:36:00,71
2026-09-18 12:39:00,66
2026-09-18 12:42:00,72
2026-09-18 12:45:00,74
2026-09-18 12:50:00,72
2026-09-18 12:55:00,71
2026-09-18 13:00:00,71
2026-09-18 13:06:00,72
2026-09-18 13:11:00,72
2026-09-18 13:17:00,73
2026-09-18 13:22:00,71
2026-09-18 13:25:00,74
2026-09-18 13:31:00,71
2026-09-18 13:34:00,70
2026-09-18 13:37:00,74
2026-09-18 13:40:00,71
2026-09-18 13:45:00,72
2026-09-18 13:50:00,71
2026-09-18 13:56:00,72
2026-09-18 13:59:00,71
2026-09-18 14:02:00,76
2026-09-18 14:07:00,77
2026-09-18 14:12:00,69
2026-09-18 14:15:00,74
2026-09-18 14:21:00,76
2026-09-18 14:26:00,71
2026-09-18 14:31:00,70
2026-09-18 14:34:00,74
2026-09-18 14:39:00,76
2026-09-18 14:45:00,75
2026-09-18 14:51:00,75
2026-09-18 14:57:00,76
2026-09-18 15:03:00,71
2026-09-18 15:06:00,76
2026-09-18 15:11:00,77
2026-09-18 15:16:00,73
2026-09-18 15:22:00,77
2026-09-18 15:28:00,79
2026-09-18 15:33:00,73
2026-09-18 15:38:00,76
2026-09-18 15:43:00,71
2026-09-18 15:46:00,72
2026-09-18 15:49:00,76
2026-09-18 15:52:00,71
2026-09-18 15:58:00,76
2026-09-18 16:03:00,70
2026-09-18 16:06:00,73
2026-09-18 16:12:00,70
2026-09-18 16:15:00,75
2026-09-18 16:21:00,73
2026-09-18 16:24:00,72
2026-09-18 16:29:00,73
2026-09-18 16:32:00,71
2026-09-18 16:37:00,70
2026-09-18 16:40:00,72
2026-09-18 16:46:00,74
2026-09-18 16:51:00,71
2026-09-18 16:54:00,72
2026-09-18 17:00:00,65
2026-09-18 17:06:00,68
2026-09-18 17:09:00,72
2026-09-18 17:14:00,71
2026-09-18 17:19:00,72
2026-09-18 17:24:00,67
2026-09-18 17:30:00,70
2026-09-18 17:33:00,68
2026-09-18 17:36:00,66
2026-09-18 17:42:00,68
2026-09-18 17:48:00,72
2026-09-18 17:53:00,68
2026-09-18 17:58:00,68
2026-09-18 18:04:00,72
2026-09-18 18:09:00,78
2026-09-18 18:17:00,76
2026-09-18 18:22:00,71
2026-09-18 18:29:00,72
2026-09-18 18:37:00,73
2026-09-18 18:44:00,74
2026-09-18 18:49:00,75
2026-09-18 18:56:00,76
2026-09-18 19:04:00,76
2026-09-18 19:12:00,72
2026-09-18 19:17:00,73
2026-09-18 19:24:00,69
2026-09-18 19:32:00,73
2026-09-18 19:37:00,75
2026-09-18 19:45:00,76
2026-09-18 19:50:00,76
2026-09-18 19:57:00,72
2026-09-18 20:04:00,69
2026-09-18 20:09:00,70
2026-09-18 20:16:00,67
2026-09-18 20:24:00,69
2026-09-18 20:32:00,65
2026-09-18 20:39:00,70
2026-09-18 20:46:00,68
2026-09-18 20:51:00,68
2026-09-18 20:56:00,69
2026-09-18 21:03:00,67
2026-09-18 21:10:00,67
2026-09-18 21:15:00,64
2026-09-18 21:22:00,63
2026-09-18 21:30:00,66
2026-09-18 21:37:00,66
2026-09-18 21:45:00,63
2026-09-18 21:50:00,63
2026-09-18 21:58:00,65
2026-09-18 22:05:00,60
2026-09-18 22:10:00,57
2026-09-18 22:15:00,60
2026-09-18 22:22:00,59
2026-09-18 22:29:00,60
2026-09-18 22:36:00,58
2026-09-18 22:41:00,60
2026-09-18 22:46:00,62
2026-09-18 22:54:00,60
2026-09-18 23:01:00,56
2026-09-18 23:08:00,55
2026-09-18 23:13:00,55
2026-09-18 23:18:00,55
2026-09-18 23:23:00,56
2026-09-18 23:31:00,60
2026-09-18 23:39:00,62
2026-09-18 23:46:00,52
2026-09-18 23:53:00,54
