Date/Time,Apple Exercise Time (min),Apple Move Time (min),Apple Stand Time (min),Blood Pressure [Systolic] (mmHg),Blood Pressure [Diastolic] (mmHg),Heart Rate [Min] (bpm),Heart Rate [Max] (bpm),Heart Rate [Avg] (bpm),Heart Rate Variability (ms),Physical Effort (kcal/hr·kg),Respiratory Rate (count/min),Resting Heart Rate (bpm),Step Count (steps),Time in Daylight (min),Walking + Running Distance (km),Walking Heart Rate Average (bpm),Walking Speed (km/hr),Walking Step Length (cm)
2026-09-21 00:04:00,,,,,,,,,,1,,,,,,,,
2026-09-21 01:04:00,,,,,,,,,,1,,,,,,,,
2026-09-21 02:04:00,,,,,,,,,,1,,,,,,,,
2026-09-21 03:04:00,,,,,,,,,,1,,,,,,,,
2026-09-21 04:04:00,,,,,,,,,,1,,,,,,,,
2026-09-21 05:04:00,,,,,,,,,,1,,,,,,,,
2026-09-21 06:04:00,,,,,,,,,,1,,,,,,,,
2026-09-21 07:04:00,,,,,,,,,,1,,,,,,,,
2026-09-21 07:07:00,,,,,,,,,,,,,10,,0.007,,,
2026-09-21 07:22:00,,,,,,,,,,,,,23,,0.017,,,
2026-09-21 08:04:00,,,,,,,,,,1,,,,,,,,
2026-09-21 08:12:00,,,,,,,,,,,,,2.2,,0.002,,,
2026-09-21 08:13:00,,,,,,,,,,,,,2.33,,0.002,,,
2026-09-21 08:14:00,,,,,,,,,,,,,2.33,,0.002,,,
2026-09-21 08:15:00,,,,,,,,,,,,,0.15,,0,,,
2026-09-21 09:04:00,,,,,,,,,,1,,,,,,,,
2026-09-21 09:39:00,,,,,,78,78,78,,,,72,,,,121,,
2026-09-21 09:45:00,,,,,,72,72,72,,,,,,,,,,
2026-09-21 09:47:00,,,,,,61,61,61,,,,,,,,,,
2026-09-21 10:20:00,,,0.2,,,,,,,,,,,,,,,
2026-09-21 10:21:00,,,0.2,,,,,,,2.2,,,6.48,,0.004,,,
2026-09-21 10:22:00,,,0.2,,,80,80,80,,,,,27.42,,0.018,,,
2026-09-21 10:23:00,,,0.2,,,115,124,119.51,,4.1,,,15.17,0.211,0.011,,4.79,74
2026-09-21 10:24:00,,,0.2,,,116,124,122.53,,3.48,,,38.42,1,0.028,,,
2026-09-21 10:25:00,,,,,,122,129,125.7,,3.95,,,11,1,0.007,,,
2026-09-21 10:26:00,,,,,,118,118,118,,,,,16,1,0.01,,,
2026-09-21 10:27:00,,,,,,110,111,110.5,,,,,8.98,1,0.005,,,
2026-09-21 10:28:00,,,,,,109,112,110.31,,,,,8.98,0.958,0.005,,,
2026-09-21 10:29:00,,,,,,110,125,118.46,,,,,8.98,0.8,0.005,,,
2026-09-21 10:30:00,,,,,,,,,,,,,8.98,0.8,0.005,,,
2026-09-21 10:31:00,,,,,,112,112,112,,,,,1.74,0.8,0.001,,,
2026-09-21 10:32:00,,,,,,111,114,113.25,,,,,6.3,0.8,0.005,,,
2026-09-21 10:33:00,,,,,,112,121,116.77,,,,,12.92,0.674,0.01,,,
2026-09-21 10:34:00,,,,,,104,109,107.34,,,,,12.92,0.2,0.01,,,
2026-09-21 10:35:00,,,,,,105,106,105.5,,,,,12.92,0.2,0.01,,,
2026-09-21 10:36:00,,,,,,,,,,,,,12.92,0.2,0.01,,,
2026-09-21 10:37:00,,,,,,,,,,,,,12.92,0.2,0.01,,,
2026-09-21 10:38:00,,,,,,,,,,,,,12.92,0.158,0.01,,,
2026-09-21 10:39:00,,,,,,,,,,,,,12.92,,0.01,,,
2026-09-21 10:40:00,,,0.6,,,,,,,2.95,,,12.92,,0.01,,,
2026-09-21 10:41:00,,,0.6,,,,,,,4,,,12.92,,0.01,,4.75,71
2026-09-21 10:42:00,,,0.6,,,121,121,121,,3.43,,,49.43,,0.035,,,
2026-09-21 10:43:00,,,0.6,,,,,,,2.9,,,28.7,,0.019,,3.89,61
2026-09-21 10:44:00,,,0.6,,,,,,,,,,28.7,,0.019,,3.35,61
2026-09-21 10:45:00,,,1,,,,,,,3.33,,,28.7,,0.019,,4.03,65
2026-09-21 10:46:00,,,1,,,108,108,108,,2.1,,,28.7,,0.019,,2.92,49
2026-09-21 10:47:00,,,1,,,,,,,,,,28.7,,0.019,,,
2026-09-21 10:48:00,,,1,,,,,,,,,,5.48,,0.004,,,
2026-09-21 10:49:00,,,1,,,59,59,59,,,,,,,,,,
2026-09-21 10:50:00,,,0.2,,,,,,,,,,,,,,,
2026-09-21 10:51:00,,,0.2,,,,,,,,,,,,,,,
2026-09-21 10:52:00,,,0.2,,,,,,,,,,,,,,,
2026-09-21 10:53:00,,,0.2,,,102.65,102.65,102.65,17.67,,,,,,,,,
2026-09-21 10:54:00,,,0.2,,,,,,,,,,,,,,,
2026-09-21 10:55:00,,,0.4,,,59,59,59,,,,,,,,,,
2026-09-21 10:56:00,,,0.4,,,,,,,,,,7.18,,0.005,,,
2026-09-21 10:57:00,,,0.4,,,,,,,,,,34.8,,0.023,,,
2026-09-21 10:58:00,,,0.4,,,,,,,4,,,16.42,,0.011,,4,66
2026-09-21 10:59:00,,,0.4,,,64,64,64,,1.6,,,16.42,,0.011,,,
2026-09-21 11:00:00,,,,,,,,,,,,,15.36,,0.011,,,
2026-09-21 11:02:00,,,,,,94,94,94,,,,,,,,,,
2026-09-21 11:07:00,,,,,,,,,,3.15,,,,,,,,
2026-09-21 11:08:00,,,,,,,,,,,,,9,,0.006,,,
2026-09-21 11:11:00,,,,,,92,92,92,,,,,,,,,,
2026-09-21 11:13:00,,,,,,92,92,92,,,,,,,,,,
2026-09-21 11:17:00,,,,,,89,89,89,,,,,,,,,,
2026-09-21 11:25:00,,,,,,126,126,126,,,,,,,,,,
2026-09-21 11:27:00,,,,,,59,59,59,,,,,,,,,,
2026-09-21 11:31:00,,,,,,,,,,4.8,,,0.695,,0,,,
2026-09-21 11:32:00,,,,,,,,,,1.4,,,1.98,,0.001,,,
2026-09-21 11:33:00,,,,,,,,,,,,,1.98,,0.001,,,
2026-09-21 11:34:00,,,,,,62,62,62,,,,,1.98,,0.001,,,
2026-09-21 11:35:00,,,,,,,,,,,,,1.98,,0.001,,,
2026-09-21 11:36:00,,,,,,,,,,,,,1.98,,0.001,,,
2026-09-21 11:37:00,,,,,,60,60,60,,,,,1.98,,0.001,,,
2026-09-21 11:38:00,,,,,,,,,,,,,1.98,,0.001,,,
2026-09-21 11:39:00,,,,,,,,,,,,,1.98,,0.001,,,
2026-09-21 11:40:00,,,,,,,,,,,,,1.46,,0.001,,,
2026-09-21 11:42:00,,,,,,94,94,94,,,,,,,,,,
2026-09-21 11:45:00,,,0.2,,,,,,,,,,,,,,,
2026-09-21 11:46:00,,,0.2,,,,,,,,,,,,,,,
2026-09-21 11:47:00,,,0.2,,,,,,,,,,,,,,,
2026-09-21 11:48:00,,,0.2,,,93,93,93,,,,,,,,,,
2026-09-21 11:49:00,,,0.2,,,,,,,,,,,,,,,
2026-09-21 11:52:00,,,,,,74,74,74,,,,,,,,,,
2026-09-21 11:53:00,,,,,,,,,,3.55,,,,,,,,
2026-09-21 11:55:00,,,0.4,,,,,,,,,,,,,,,
2026-09-21 11:56:00,,,0.4,,,,,,,,,,3,,0.002,,,
2026-09-21 11:57:00,,,0.4,,,,,,,,,,,,,,,
2026-09-21 11:58:00,,,0.4,,,,,,,,,,,,,,,
2026-09-21 11:59:00,,,0.4,,,,,,,,,,,,,,,
2026-09-21 12:00:00,,,0.4,,,73,73,73,,,,,,,,,,
2026-09-21 12:01:00,,,0.4,,,,,,,,,,,,,,,
2026-09-21 12:02:00,,,0.4,,,,,,,,,,,,,,,
2026-09-21 12:03:00,,,0.4,,,,,,,,,,,,,,,
2026-09-21 12:04:00,,,0.4,,,67,67,67,,,,,,,,,,
2026-09-21 12:05:00,,,0.6,,,,,,,,,,,,,,,
2026-09-21 12:06:00,,,0.6,,,,,,,,,,,,,,,
2026-09-21 12:07:00,,,0.6,,,,,,,,,,,,,,,
2026-09-21 12:08:00,,,0.6,,,,,,,,,,,,,,,
2026-09-21 12:09:00,,,0.6,,,94,94,94,,,,,,,,,,
2026-09-21 12:10:00,,,0.2,,,,,,,,,,,,,,,
2026-09-21 12:11:00,,,0.2,,,,,,,,,,,,,,,
2026-09-21 12:12:00,,,0.2,,,59,59,59,,3.2,,,,,,,,
2026-09-21 12:13:00,,,0.2,,,,,,,,,,,,,,,
2026-09-21 12:14:00,,,0.2,,,,,,,,,,,,,,,
2026-09-21 12:16:00,,,,,,,,,,3.2,,,,,,,,
2026-09-21 12:19:00,,,,,,64,64,64,,,,,,,,,,
2026-09-21 12:23:00,,,,,,,,,,,,,16,,0.01,,,
2026-09-21 12:27:00,,,,,,,,,,3.25,,,,,,,,
2026-09-21 12:30:00,,,,,,92,92,92,,4.8,,,7.72,,0.005,,,
2026-09-21 12:31:00,,,,,,,,,,1.6,,,7.85,,0.005,,,
2026-09-21 12:32:00,,,,,,,,,,3.3,,,7.85,,0.005,,,
2026-09-21 12:33:00,,,,,,,,,,,,,6.59,,0.004,,,
2026-09-21 12:36:00,,,,,,82,82,82,,,,,,,,,,
2026-09-21 12:38:00,,,,,,90,90,90,,,,,,,,,,
2026-09-21 12:40:00,,,,,,,,,,,,,10,,0.007,,,
2026-09-21 12:41:00,,,,,,,,,,,,,17.25,,0.011,,,
2026-09-21 12:42:00,,,,,,,,,,5.1,,,22.44,,0.015,,,
2026-09-21 12:43:00,,,,,,87,87,87,,1.5,,,1.3,,0.001,,,
2026-09-21 12:46:00,,,,,,90,90,90,,,,,,,,,,
2026-09-21 12:49:00,,,,,,,,,,,,,1.54,,0.001,,,
2026-09-21 12:50:00,,,0.2,,,,,,,3.15,,,12.05,,0.009,,,
2026-09-21 12:51:00,,,0.2,,,,,,,,,,10.41,,0.008,,,
2026-09-21 12:52:00,,,0.2,,,,,,,,,,,,,,,
2026-09-21 12:53:00,,,0.2,,,,,,,,,,,,,,,
2026-09-21 12:54:00,,,0.2,,,,,,,,,,,,,,,
2026-09-21 12:55:00,,,,,,64,64,64,,,,,,,,,,
2026-09-21 12:56:00,,,,,,,,,,,,,9,,0.006,,,
2026-09-21 12:58:00,,,,,,50,50,50,,,,,,,,,,
2026-09-21 13:00:00,,,0.4,,,,,,,3.3,,,,,,,,
2026-09-21 13:01:00,,,0.4,,,,,,,,,,,,,,,
2026-09-21 13:02:00,,,0.4,,,96,96,96,,,,,,,,,,
2026-09-21 13:03:00,,,0.4,,,,,,,,,,,,,,,
2026-09-21 13:04:00,,,0.4,,,,,,,2.65,,,28.62,0.885,0.021,,,
2026-09-21 13:05:00,,,1,,,,,,,3.75,,,40.8,1,0.016,,3.6,59
2026-09-21 13:06:00,,,1,,,,,,,2.1,,,40.8,1,0.037,,,
2026-09-21 13:07:00,,,1,,,,,,,,,,40.8,1,0.034,,,
2026-09-21 13:08:00,,,1,,,,,,,4.3,,,40.8,1,0.002,,,
2026-09-21 13:09:00,,,1,,,,,,,2.73,,,40.8,0.823,0.051,,3.74,60
2026-09-21 13:10:00,,,0.6,,,,,,,4.15,,,40.8,0.8,0.042,,3.78,57.5
2026-09-21 13:11:00,,,0.6,,,97,102,97.83,,2.7,,,40.8,0.8,0.031,,3.74,63
2026-09-21 13:12:00,,,0.6,,,95,108,100.33,,2.5,,,40.8,0.8,0.049,,4.36,67
2026-09-21 13:13:00,,,0.6,,,101,108,105.04,,,,,27.99,0.8,0.002,,3.49,53
2026-09-21 13:14:00,,,0.6,,,,,,,,,,,0.092,,,,
2026-09-21 13:15:00,,,,,,69,69,69,,,,,,,,,,
2026-09-21 13:18:00,,,,,,102,102,102,,,,,,,,,,
2026-09-21 13:24:00,,,,,,105,105,105,,,,,,,,,,
2026-09-21 13:30:00,,,,,,98,98,98,,,,,,,,,,
2026-09-21 13:32:00,,,,,,103,103,103,,,,,,,,,,
2026-09-21 13:34:00,,,,,,,,,,,,,13.1,0.14,0.007,,,
2026-09-21 13:35:00,,,0.8,,,,,,,,,,45.97,1,0.012,,3.06,48
2026-09-21 13:36:00,,,0.8,,,,,,,,,,45.97,1,0.021,,,
2026-09-21 13:37:00,,,0.8,,,,,,,2.8,,,45.97,1,0.027,,3.62,70.5
2026-09-21 13:38:00,,,0.8,,,,,,,3.43,,,45.97,1,0.053,,4.5,71
2026-09-21 13:39:00,,,0.8,,,,,,,3.55,,,45.97,1,0.061,,,
2026-09-21 13:40:00,1,,1,,,120,121,120.5,,3.6,,,45.97,1,0.06,,4.93,74
2026-09-21 13:41:00,,,1,,,118,127,123.59,,2.1,,,45.97,1,0.036,,,
2026-09-21 13:42:00,,,1,,,120,129,123.75,,,,,45.97,1,0.039,,,
2026-09-21 13:43:00,,,1,,,82,82,82,,,,,45.97,1,0.039,,,
2026-09-21 13:44:00,,,1,,,,,,,4,,,47.46,1,0.042,,4.36,68
2026-09-21 13:45:00,1,,1,,,,,,,3.65,,,50.94,1,0.065,,,
2026-09-21 13:46:00,1,,1,,,128,135,131.59,,4.6,,,50.94,1,0.059,,4.36,68
2026-09-21 13:47:00,1,,1,,,126,134,131.26,,3.2,,,50.94,1,0.057,,,
2026-09-21 13:48:00,1,,1,,,132,143,136.16,,5.74,,,50.94,1,0.039,,,
2026-09-21 13:49:00,,,1,,,126,136,131.06,,3.43,,,50.94,0.86,0.022,,3.61,60.33
2026-09-21 13:50:00,,,0.2,,,129,132,130.45,,3.9,,,50.94,,0.013,,4.07,66
2026-09-21 13:51:00,,,0.2,,,101,101,101,,1.7,,,50.94,,0.013,,,
2026-09-21 13:52:00,,,0.2,,,,,,,3.37,,,50.94,,0.013,,4.64,69
2026-09-21 13:53:00,,,0.2,,,,,,,,,,50.94,,0.013,,,
2026-09-21 13:54:00,,,0.2,,,,,,,,,,26.22,,0.013,,,
2026-09-21 13:55:00,,,0.2,,,,,,,3.9,,,16.88,,0.013,,4.28,66
2026-09-21 13:56:00,,,0.2,,,,,,,1.3,,,5.2,,0.003,,,
2026-09-21 13:57:00,,,0.2,,,106,106,106,,,,,5.2,,,,,
2026-09-21 13:58:00,,,0.2,,,,,,,,,,5.2,,,,,
2026-09-21 13:59:00,,,0.2,,,,,,,,,,5.2,,,,,
2026-09-21 14:00:00,,,,,,,,,,5.6,,,5.2,,,,,
2026-09-21 14:01:00,,,,,,,,,,1.6,,,5.2,,,,,
2026-09-21 14:02:00,,,,,,,,,,,,,5.2,,0.004,,,
2026-09-21 14:03:00,,,,,,,,,,,,,0.72,,0.004,,,
2026-09-21 14:04:00,,,,,,97,97,97,,,,,,,,,,
2026-09-21 14:07:00,,,,,,101,101,101,,,,,,,,,,
2026-09-21 14:09:00,,,,,,,,,,3.15,,,,,,,,
2026-09-21 14:12:00,,,,,,,,,,4.8,,,,,,,,
2026-09-21 14:13:00,,,,,,,,,,1.4,,,,,,,,
2026-09-21 14:16:00,,,,,,106,106,106,,,,,,,,,,
2026-09-21 14:18:00,,,,,,104,104,104,,,,,,,,,,
2026-09-21 14:22:00,,,,,,102,102,102,,,,,,,,,,
2026-09-21 14:30:00,,,0.2,,,99,99,99,,,,,,,,,,
2026-09-21 14:31:00,,,0.2,,,96,96,96,,,,,,,,,,
2026-09-21 14:32:00,,,0.2,,,,,,,,,,,,,,,
2026-09-21 14:33:00,,,0.2,,,,,,,2.8,,,11.46,,0.007,,3.85,61.5
2026-09-21 14:34:00,,,0.2,,,,,,,,,,15.42,,0.01,,,
2026-09-21 14:35:00,,,,,,,,,,,,,15.42,,0.01,,,
2026-09-21 14:36:00,,,,,,,,,,,,,15.42,,0.01,,,
2026-09-21 14:37:00,,,,,,,,,,,,,15.42,,0.01,,,
2026-09-21 14:38:00,,,,,,,,,,,,,2.86,,0.002,,,
2026-09-21 14:39:00,,,,,,95,95,95,,,,,,,,,,
2026-09-21 14:43:00,,,,,,95,95,95,,,,,4,,0.003,,,
2026-09-21 14:47:00,,,,,,97,97,97,,,,,,,,,,
2026-09-21 14:52:00,,,,,,96,99.21,97.61,22.04,,,,,,,,,
2026-09-21 15:01:00,,,,,,99,99,99,,,,,,,,,,
2026-09-21 15:03:00,,,,,,94,94,94,,,,,,,,,,
2026-09-21 15:07:00,,,,,,97,97,97,,,,,,,,,,
2026-09-21 15:10:00,,,0.4,,,,,,,3.2,,,25.42,,0.016,,3.02,53
2026-09-21 15:11:00,,,0.4,,,113,113,113,,2.2,,,25.58,,0.017,,,
2026-09-21 15:12:00,,,0.4,,,,,,,,,,17.3,,0.012,,,
2026-09-21 15:13:00,,,0.4,,,92,92,92,,,,,17.3,,0.012,,,
2026-09-21 15:14:00,,,0.4,,,,,,,3.23,,,12.82,,0.008,,3.22,61
2026-09-21 15:15:00,,,0.4,,,,,,,2.1,,,22.14,,0.015,,3.53,59
2026-09-21 15:16:00,,,0.4,,,,,,,,,,22.14,,0.015,,,
2026-09-21 15:17:00,,,0.4,,,,,,,,,,22.14,,0.015,,,
2026-09-21 15:18:00,,,0.4,,,94,94,94,,,,,22.14,,0.015,,,
2026-09-21 15:19:00,,,0.4,,,,,,,,,,22.14,,0.015,,,
2026-09-21 15:20:00,,,0.8,,,,,,,3.6,,,22.14,,0.015,,4.68,72
2026-09-21 15:21:00,,,0.8,,,,,,,2.1,,,22.14,,0.015,,,
2026-09-21 15:22:00,,,0.8,,,,,,,,,,22.14,,0.015,,,
2026-09-21 15:23:00,,,0.8,,,,,,,3.45,,,22.14,,0.015,,,
2026-09-21 15:24:00,,,0.8,,,,,,,2.67,,,25.95,,0.016,,,
2026-09-21 15:25:00,,,0.8,,,,,,,,,,,,,,,
2026-09-21 15:26:00,,,0.8,,,62,62,62,,,,,,,,,,
2026-09-21 15:27:00,,,0.8,,,56,56,56,,,,,,,,,,
2026-09-21 15:28:00,,,0.8,,,,,,,,,,,,,,,
2026-09-21 15:29:00,,,0.8,,,,,,,,,,,,,,,
2026-09-21 15:33:00,,,,,,72,72,72,,,,,,,,,,
2026-09-21 15:34:00,,,,,,96,104,100.44,,,,,,,,,,
2026-09-21 15:35:00,,,0.2,,,96,112,106.58,,,,,,,,,,
2026-09-21 15:36:00,,,0.2,,,104,105,104.45,,,,,,,,,,
2026-09-21 15:37:00,,,0.2,,,,,,,,,,,,,,,
2026-09-21 15:38:00,,,0.2,,,,,,,,,,,,,,,
2026-09-21 15:39:00,,,0.2,,,,,,,,,,23,,0.015,,2.48,50
2026-09-21 15:40:00,,,0.6,,,61,61,61,,,,,22.88,,0.015,,,
2026-09-21 15:41:00,,,0.6,,,,,,,2.85,,,22.88,,0.015,,3.35,60
2026-09-21 15:42:00,,,0.6,,,,,,,2.35,,,22.88,,0.015,,,
2026-09-21 15:43:00,,,0.6,,,,,,,,,,22.88,,0.015,,,
2026-09-21 15:44:00,,,0.6,,,74,74,74,,,,,22.88,,0.015,,,
2026-09-21 15:45:00,,,0.2,,,,,,,3.2,,,21.58,,0.014,,4.72,72
2026-09-21 15:46:00,,,0.2,,,,,,,,,,,,,,,
2026-09-21 15:47:00,,,0.2,,,,,,,,,,,,,,,
2026-09-21 15:48:00,,,0.2,,,,,,,,,,,,,,,
2026-09-21 15:49:00,,,0.2,,,,,,,,,,,,,,,
2026-09-21 15:50:00,,,,,,98.09,98.09,98.09,33.29,,,,,,,,,
2026-09-21 15:51:00,,,,,,96,96,96,,,,,,,,,,
2026-09-21 15:55:00,,,0.2,,,96,96,96,,,,,,,,,,
2026-09-21 15:56:00,,,0.2,,,95,95,95,,,,,,,,,,
2026-09-21 15:57:00,,,0.2,,,,,,,,,,,,,,,
2026-09-21 15:58:00,,,0.2,,,,,,,3.1,,,17.5,,0.012,,,
2026-09-21 15:59:00,,,0.2,,,,,,,2.72,,,43.82,,0.022,,3.85,62
2026-09-21 16:00:00,,,0.8,,,,,,,3.3,,,27.66,,0.015,,,
2026-09-21 16:01:00,,,0.8,,,,,,,3.6,,,27.66,,0.036,,3.78,60
2026-09-21 16:02:00,,,0.8,,,,,,,2.1,,,27.66,,0.024,,,
2026-09-21 16:03:00,,,0.8,,,,,,,3.55,,,27.66,,0.024,,4.97,75
2026-09-21 16:04:00,,,0.8,,,120,121,120.5,,2.93,,,27.66,,0.049,,,
2026-09-21 16:05:00,,,0.6,,,116,121,119.13,,,,,27.66,,0.002,,,
2026-09-21 16:06:00,,,0.6,,,,,,,,,,27.66,0.285,0.006,,,
2026-09-21 16:07:00,,,0.6,,,,,,,,,,27.66,1,0.006,,,
2026-09-21 16:08:00,,,0.6,,,,,,,,,,27.66,1,0.006,,,
2026-09-21 16:09:00,,,0.6,,,,,,,,,,16.49,1,0.006,,,
2026-09-21 16:10:00,,,,,,,,,,,,,9.3,1,0.006,,,
2026-09-21 16:11:00,,,,,,,,,,,,,9.3,0.886,0.006,,,
2026-09-21 16:12:00,,,,,,,,,,,,,9.3,0.6,0.006,,,
2026-09-21 16:13:00,,,,,,,,,,,,,9.3,0.6,0.006,,,
2026-09-21 16:14:00,,,,,,,,,,5,,,9.3,0.6,0.006,,,
2026-09-21 16:15:00,,,0.6,,,,,,,2.65,,,9.3,0.6,0.012,,,
2026-09-21 16:16:00,,,0.6,,,,,,,,,,9.3,0.429,,,,
2026-09-21 16:17:00,,,0.6,,,97,97,97,,,,,9.3,,,,,
2026-09-21 16:18:00,,,0.6,,,,,,,2.25,,,2.92,,0.007,,,
2026-09-21 16:19:00,,,0.6,,,,,,,,,,,,0.009,,,
2026-09-21 16:20:00,,,0.2,,,,,,,,,,,,0.009,,,
2026-09-21 16:21:00,1,,0.2,,,,,,,,,,20,,0.009,,,
2026-09-21 16:22:00,,,0.2,,,,,,,3.4,,,12.47,,0.009,,,
2026-09-21 16:23:00,,,0.2,,,,,,,3.4,,,18,,0.009,,,
2026-09-21 16:24:00,,,0.2,,,,,,,,,,18,,0.009,,,
2026-09-21 16:25:00,,,,,,,,,,,,,3.54,,0.002,,,
2026-09-21 16:26:00,,,,,,,,,,,,,9.61,,0.006,,,
2026-09-21 16:27:00,,,,,,,,,,,,,9.61,,0.006,,,
2026-09-21 16:28:00,,,,,,,,,,,,,9.61,,0.006,,,
2026-09-21 16:29:00,,,,,,,,,,,,,9.61,,0.006,,,
2026-09-21 16:30:00,,,,,,,,,,,,,9.22,,0.006,,,
2026-09-21 20:28:00,,,,,,,,,,1.1,,,13.98,,0.01,,,
2026-09-21 20:29:00,,,,,,,,,,,,,20.92,,0.015,,,
2026-09-21 20:30:00,,,,,,,,,,,,,20.92,,0.015,,,
2026-09-21 20:31:00,,,,,,,,,,,,,20.92,,0.015,,,
2026-09-21 20:32:00,,,,,,,,,,,,,20.92,,0.015,,,
2026-09-21 20:33:00,,,,,,,,,,,,,20.92,,0.015,,,
2026-09-21 20:34:00,,,,,,,,,,,,,14.42,,0.01,,,
2026-09-21 20:39:00,,,,,,,,,,,,,26.64,,0.019,,,
2026-09-21 20:40:00,,,,,,,,,,,,,36.32,,0.025,,,
2026-09-21 20:41:00,,,,,,,,,,,,,36.32,,0.025,,,
2026-09-21 20:42:00,,,,,,,,,,,,,17.71,,0.012,,,
2026-09-21 20:49:00,,,,,,55,55,55,,,,,18.71,,0.013,,,
2026-09-21 20:50:00,,,0.6,,,,,,,3.05,,,23.54,,0.016,,,
2026-09-21 20:51:00,,,0.6,,,,,,,,,,23.54,,0.016,,,
2026-09-21 20:52:00,,,0.6,,,,,,,2.45,,,20.21,,0.014,,2.2,39
2026-09-21 20:53:00,,,0.6,,,,,,,,,,11.8,,0.008,,,
2026-09-21 20:54:00,,,0.6,,,,,,,,,,11.8,,0.008,,,
2026-09-21 20:55:00,,,,,,,,,,3.25,,,11.8,,0.008,,,
2026-09-21 20:56:00,,,,,,,,,,,,,8.6,,0.006,,,
2026-09-21 20:59:00,,,,,,106,106,106,,,,,,,,,,
2026-09-21 21:04:00,,,,,,,,,,,,,10.63,,0.007,,,
2026-09-21 21:05:00,,,0.2,,,,,,,,,,3,,0.002,,,
2026-09-21 21:06:00,,,0.2,,,63,63,63,,,,,15.5,,0.011,,,
2026-09-21 21:07:00,,,0.2,,,,,,,2.9,,,17.26,,0.012,,,
2026-09-21 21:08:00,,,0.2,,,121,121,121,,2.93,,,19.93,,0.014,,4.18,62
2026-09-21 21:09:00,,,0.2,,,,,,,,,,19.93,,0.014,,,
2026-09-21 21:10:00,,,,,,,,,,,,,19.93,,0.014,,,
2026-09-21 21:11:00,,,,,,,,,,,,,19.93,,0.014,,,
2026-09-21 21:12:00,,,,,,,,,,,,,8.02,,0.006,,,
2026-09-21 21:15:00,,,,,,90,90,90,,,,,,,,,,
2026-09-21 21:19:00,,,,,,92,92,92,,,,,,,,,,
2026-09-21 21:20:00,,,,,,94.29,94.29,94.29,26.84,,,,,,,,,
2026-09-21 21:21:00,,,,,,,,,,,,,22,,0.017,,,
2026-09-21 21:24:00,,,,,,76,76,76,,,,,,,,,,
2026-09-21 21:29:00,,,,,,104,104,104,,,,,,,,,,
2026-09-21 21:35:00,,,,,,55,55,55,,,,,,,,,,
2026-09-21 21:36:00,,,,,,,,,,3.6,,,9,,0.006,,,
2026-09-21 21:38:00,,,,,,,,,,,,,4.45,,0.003,,,
2026-09-21 21:39:00,,,,,,99,99,99,,,,,9.42,,0.006,,,
2026-09-21 21:40:00,,,,,,,,,,,,,9.42,,0.006,,,
2026-09-21 21:41:00,,,,,,,,,,,,,9.42,,0.006,,,
2026-09-21 21:42:00,,,,,,104,104,104,,,,,9.42,,0.006,,,
2026-09-21 21:43:00,,,,,,,,,,,,,9.42,,0.006,,,
2026-09-21 21:44:00,,,,,,,,,,,,,9.42,,0.006,,,
2026-09-21 21:45:00,,,0.2,,,,,,,4.3,,,9.42,,0.006,,3.38,57
2026-09-21 21:46:00,,,0.2,,,126,126,126,,1.7,,,1.64,,0.001,,,
2026-09-21 21:47:00,,,0.2,,,,,,,,,,8.51,,0.005,,,
2026-09-21 21:48:00,,,0.2,,,,,,,,,,8.51,,0.005,,,
2026-09-21 21:49:00,,,0.2,,,,,,,,,,8.51,,0.005,,,
2026-09-21 21:50:00,,,,,,,,,,,,,8.51,,0.005,,,
2026-09-21 21:51:00,,,,,,,,,,,,,3,,0.002,,,
2026-09-21 21:52:00,,,,,,,,,,,,,8.51,,0.005,,,
2026-09-21 21:53:00,,,,,,,,,,4.8,,,8.51,,0.005,,,
2026-09-21 21:54:00,1,,,,,,,,,1.7,,,6.69,,0.004,,,
2026-09-21 21:55:00,,,0.2,,,,,,,,,,,,,,,
2026-09-21 21:56:00,,,0.2,,,,,,,,,,2.1,,0.001,,,
2026-09-21 21:57:00,,,0.2,,,,,,,,,,10.26,,0.007,,,
2026-09-21 21:58:00,,,0.2,,,,,,,3.6,,,10.26,,0.007,,,
2026-09-21 21:59:00,,,0.2,,,,,,,,,,10.26,,0.007,,4.28,67
2026-09-21 22:00:00,,,0.2,,,,,,,2.65,,,10.26,,0.007,,,
2026-09-21 22:01:00,,,0.2,,,,,,,2.9,,,7.86,,0.005,,,
2026-09-21 22:02:00,,,0.2,,,,,,,,,,,,,,,
2026-09-21 22:03:00,,,0.2,,,,,,,,,,,,,,,
2026-09-21 22:04:00,,,0.2,,,,,,,,,,,,,,,
2026-09-21 23:02:00,,,,,,70,70,70,,,,,,,,,,
2026-09-21 23:10:00,,,,,,69,69,69,,,,,,,,,,
2026-09-21 23:15:00,,,,,,70,70,70,,,,,,,,,,
2026-09-21 23:20:00,,,,,,77,77,77,,,,,,,,,,
2026-09-21 23:24:00,,,,,,64,64,64,,,,,,,,,,
2026-09-21 23:28:00,,,,,,,,,,,,,8,,0.006,,,
2026-09-21 23:45:00,,,,,,,,,,,,,11.74,,0.008,,,
2026-09-21 23:46:00,,,,,,,,,,,,,81.84,,0.056,,2.54,54
2026-09-21 23:47:00,,,,,,,,,,,,,81.84,,0.056,,,
2026-09-21 23:48:00,,,,,,,,,,,,,81.84,,0.056,,,
2026-09-21 23:49:00,,,,,,,,,,,,,81.84,,0.056,,2.02,50
2026-09-21 23:50:00,,,,,,,,,,,,,38.92,,0.027,,,
